"","q","M","s1","s2","log.lik"
"1",1.3,0.72363224018992,0.0970776725384862,0.0304582784180839,4426.07859347593
"2",1.3012012012012,0.723274432931593,0.0970805753388279,0.0304671834054632,4426.03946339539
"3",1.3024024024024,0.722922456312206,0.0970816969819181,0.0304761692598764,4426.00044034788
"4",1.3036036036036,0.722570552599785,0.0970828220431619,0.0304851432880707,4425.96152445824
"5",1.3048048048048,0.72221867051344,0.097083945756996,0.030494111355492,4425.92271567596
"6",1.30600600600601,0.721866803851605,0.0970850672874699,0.0305030769929327,4425.88401394907
"7",1.30720720720721,0.721514956635908,0.0970861859635765,0.0305120422892969,4425.84541922435
"8",1.30840840840841,0.721163135729272,0.0970873009256146,0.030521008567897,4425.80693144783
"9",1.30960960960961,0.720807999070558,0.0970889452108896,0.0305297568966874,4425.76855045672
"10",1.31081081081081,0.720457504593313,0.09708960129883,0.0305390039185611,4425.73027658516
"11",1.31201201201201,0.720105982391487,0.0970906768448585,0.0305479734913648,4425.69210931791
"12",1.31321321321321,0.719754419878696,0.0970917524623404,0.0305569482440277,4425.65404878351
"13",1.31441441441441,0.719402858490212,0.0970928276179214,0.0305659252593133,4425.61609492409
"14",1.31561561561562,0.719051305633412,0.0970939020116696,0.0305749038561794,4425.57824768396
"15",1.31681681681682,0.718699770738653,0.097094974700097,0.0305838832674876,4425.54050700727
"16",1.31801801801802,0.718348265300573,0.0970960442365425,0.0305928626579041,4425.50287283804
"17",1.31921921921922,0.717996803351395,0.0970971088002882,0.030601841188344,4425.46534512026
"18",1.32042042042042,0.717645401595766,0.0970981663816657,0.0306108181464247,4425.42792379799
"19",1.32162162162162,0.717294078560074,0.0970992150605209,0.0306197931314534,4425.39060881563
"20",1.32282282282282,0.716942852464631,0.0971002533514393,0.0306287662384779,4425.35340011812
"21",1.32402402402402,0.716591738132978,0.0971012805186145,0.0306377381508444,4425.31629765107
"22",1.32522522522523,0.716240743898738,0.0971022967294024,0.0306467100587792,4425.27930136079
"23",1.32642642642643,0.715889869785126,0.0971033029547274,0.0306556833872851,4425.24241119395
"24",1.32762762762763,0.715539107832665,0.0971043006345606,0.0306646594153374,4425.20562709718
"25",1.32882882882883,0.715188444517508,0.0971052912392288,0.0306736389325955,4425.16894901671
"26",1.33003003003003,0.714837864275941,0.0971062758968912,0.0306826220631217,4425.13237689808
"27",1.33123123123123,0.714487352834664,0.0971072552020781,0.0306916082983707,4425.09591068612
"28",1.33243243243243,0.714136899393423,0.0971082292214919,0.0307005966889149,4425.05955032517
"29",1.33363363363363,0.713786497404331,0.0971091976319424,0.0307095860962947,4425.02329575932
"30",1.33483483483483,0.713436144236662,0.0971101599039717,0.0307185754173587,4424.98714693267
"31",1.33603603603604,0.713085840237183,0.0971111154639437,0.0307275637341261,4424.95110378949
"32",1.33723723723724,0.712735587647163,0.0971120638039425,0.0307365503825111,4424.91516627432
"33",1.33843843843844,0.7123853896633,0.0971130045363391,0.0307455349577224,4424.87933433202
"34",1.33963963963964,0.712035249744368,0.0971139374078291,0.0307545172815803,4424.84360790767
"35",1.34084084084084,0.711685171184802,0.0971148622866038,0.0307634973530396,4424.80798694658
"36",1.34204204204204,0.711335156882857,0.0971157791390212,0.0307724752971366,4424.7724713942
"37",1.34324324324324,0.710985209256854,0.0971166880031742,0.0307814513199726,4424.73706119611
"38",1.34444444444444,0.710635330246439,0.097117588964946,0.0307904256728425,4424.70175629793
"39",1.34564564564565,0.710285521361403,0.0971184821386742,0.0307993986259269,4424.66655664533
"40",1.34684684684685,0.709935783751066,0.0971193676527335,0.0308083704500161,4424.631462184
"41",1.34804804804805,0.709586118274982,0.0971202456396925,0.0308173414048693,4424.59647285961
"42",1.34924924924925,0.709236525573142,0.0971211162298948,0.0308263117322218,4424.56158861785
"43",1.35045045045045,0.708887006122772,0.097121979548296,0.0308352816523229,4424.52680940441
"44",1.35165165165165,0.708537560292414,0.0971228357124462,0.0308442513623605,4424.49213516494
"45",1.35285285285285,0.708188188378863,0.0971236848324937,0.0308532210363565,4424.4575658451
"46",1.35405405405405,0.707838890642887,0.0971245270114873,0.0308621908253794,4424.42310139053
"47",1.35525525525526,0.707489667331716,0.0971253623461825,0.0308711608578639,4424.38874174689
"48",1.35645645645646,0.70714051870115,0.0971261909274182,0.030880131239462,4424.3544868598
"49",1.35765765765766,0.706791445026524,0.0971270128406005,0.0308891020521741,4424.32033667489
"50",1.35885885885886,0.706442446610822,0.0971278281654474,0.0308980733526795,4424.28629113777
"51",1.36006006006006,0.706093523789403,0.0971286369746491,0.0309070451694827,4424.25235019405
"52",1.36126126126126,0.705744676926432,0.097129439332113,0.0309160174991748,4424.21851378931
"53",1.36246246246246,0.705395906405762,0.097130235290045,0.03092499030166,4424.18478186912
"54",1.36366366366366,0.70504721261788,0.0971310248846615,0.0309339634944861,4424.15115437902
"55",1.36486486486486,0.704698595933972,0.0971318081315552,0.0309429369469698,4424.11763126451
"56",1.36606606606607,0.704350056676949,0.0971325850195558,0.0309519104740141,4424.08421247105
"57",1.36726726726727,0.704001595077124,0.0971333555047063,0.0309608838308347,4424.05089794407
"58",1.36846846846847,0.703653211221433,0.0971341195037798,0.0309698567089438,4424.01768762891
"59",1.36966966966967,0.703304904991424,0.0971348768887468,0.030978828734649,4423.9845814709
"60",1.37087087087087,0.70295667599013,0.0971356274830013,0.0309877994708924,4423.95157941526
"61",1.37207207207207,0.702608523469082,0.097136371059537,0.0309967684233997,4423.9186814072
"62",1.37327327327327,0.702260446247897,0.0971371073435643,0.0310057350522658,4423.88588739185
"63",1.37447447447447,0.701900571847079,0.0971388862478404,0.0310143016594226,4423.85319721782
"64",1.37567567567568,0.70155194716482,0.0971396354937921,0.0310232187020766,4423.82061100006
"65",1.37687687687688,0.701203555002753,0.09714035928802,0.0310321368269119,4423.7881286095
"66",1.37807807807808,0.700855363221894,0.0971410614206809,0.0310410554759416,4423.75574999235
"67",1.37927927927928,0.700507349280131,0.0971417446851689,0.0310499742676695,4423.72347509481
"68",1.38048048048048,0.700159496934896,0.0971424112438923,0.0310588929517856,4423.69130386308
"69",1.38168168168168,0.699811794134765,0.0971430628625192,0.0310678113794351,4423.65923624338
"70",1.38288288288288,0.699464231552706,0.0971437010690711,0.0310767294782641,4423.62727218194
"71",1.38408408408408,0.699116801704472,0.0971443272509503,0.031085647236315,4423.59541162501
"72",1.38528528528529,0.698769498526936,0.0971449427065912,0.0310945646939026,4423.56365451889
"73",1.38648648648649,0.698421576507808,0.0971455987637157,0.0311034484659604,4423.53200080765
"74",1.38768768768769,0.698073238592991,0.0971462812204552,0.0311123059281687,4423.50045043879
"75",1.38888888888889,0.69772603291473,0.0971468883783128,0.0311212084650143,4423.4690033597
"76",1.39009009009009,0.697379476035231,0.0971474548233468,0.0311301360684925,4423.4376595171
"77",1.39129129129129,0.697033034569136,0.0971480169913075,0.0311390642857586,4423.40641885764
"78",1.39249249249249,0.696686704408074,0.0971485758387164,0.0311479931285393,4423.37528132777
"79",1.39369369369369,0.696340481493063,0.0971491322478758,0.0311569226083478,4423.34424687393
"80",1.39489489489489,0.695994361265689,0.0971496870501986,0.0311658527046483,4423.31331544256
"81",1.3960960960961,0.695648338835283,0.0971502410045115,0.0311747833682071,4423.28248698008
"82",1.3972972972973,0.695302409073958,0.0971507947838295,0.0311837145214949,4423.25176143286
"83",1.3984984984985,0.694956566750128,0.0971513489621987,0.0311926460634019,4423.22113874727
"84",1.3996996996997,0.694610806606771,0.0971519040089774,0.0312015778665262,4423.1906188696
"85",1.4009009009009,0.694265123447474,0.0971524602873009,0.0312105097868849,4423.16020174612
"86",1.4021021021021,0.693919512271102,0.0971530180479744,0.0312194416644913,4423.12988732302
"87",1.4033033033033,0.693573968309001,0.0971535774361974,0.0312283733283068,4423.09967554649
"88",1.4045045045045,0.693228487094852,0.0971541384960431,0.0312373046000768,4423.06956636262
"89",1.40570570570571,0.692883064510938,0.0971547011778808,0.0312462352989006,4423.0395597175
"90",1.40690690690691,0.69253769682093,0.0971552653475398,0.0312551652446903,4423.00965555717
"91",1.40810810810811,0.692192380685868,0.0971558307960979,0.0312640942623849,4422.97985382765
"92",1.40930930930931,0.691847113171533,0.0971563972515308,0.0312730221840861,4422.95015447492
"93",1.41051051051051,0.691501891754477,0.0971569643917314,0.0312819488501181,4422.92055744496
"94",1.41171171171171,0.691156714280793,0.0971575318476727,0.0312908741172426,4422.89106268375
"95",1.41291291291291,0.690811578965826,0.0971580992197522,0.0312997978546047,4422.86167013726
"96",1.41411411411411,0.690466484388451,0.0971586660909441,0.0313087199432776,4422.83237975145
"97",1.41531531531532,0.690121429467922,0.0971592320346635,0.031317640277946,4422.80319147233
"98",1.41651651651652,0.68977641332013,0.0971597966005729,0.0313265587799042,4422.77410524588
"99",1.41771771771772,0.689431435403119,0.0971603593563126,0.0313354753757011,4422.74512101815
"100",1.41891891891892,0.689086299375433,0.0971608833047125,0.031344408922831,4422.71623873513
"101",1.42012012012012,0.688739995907188,0.0971611774211496,0.0313534510329976,4422.68745833839
"102",1.42132132132132,0.68839479137123,0.0971616636259382,0.0313623878933642,4422.65877977137
"103",1.42252252252252,0.688049585942092,0.0971621356014632,0.0313713257654816,4422.63020298426
"104",1.42372372372372,0.687704380454349,0.09716259236893,0.0313802647787552,4422.60172792311
"105",1.42492492492492,0.687352583351136,0.0971617059978629,0.0313897680971888,4422.57335460293
"106",1.42612612612613,0.687007501885741,0.0971621253644144,0.0313986949632377,4422.54508281889
"107",1.42732732732733,0.68666248045741,0.0971625382202884,0.0314076211069829,4422.51691260249
"108",1.42852852852853,0.686317518628195,0.0971629446548441,0.0314165465936802,4422.48884390024
"109",1.42972972972973,0.685972616161598,0.0971633447439414,0.031425471482813,4422.46087665866
"110",1.43093093093093,0.685627772986405,0.0971637385506818,0.0314343958272769,4422.43301082427
"111",1.43213213213213,0.68528298916603,0.0971641261263699,0.031443319672919,4422.40524634359
"112",1.43333333333333,0.684938264870745,0.0971645075113656,0.0314522430584853,4422.37758316318
"113",1.43453453453453,0.68459360035031,0.0971648827366081,0.0314611660159073,4422.35002122957
"114",1.43573573573574,0.68424899591353,0.0971652518245473,0.0314700885707384,4422.32256048933
"115",1.43693693693694,0.68390445190679,0.0971656147907223,0.0314790107428014,4422.29520088903
"116",1.43813813813814,0.683559968700166,0.0971659716446205,0.0314879325467998,4422.26794237524
"117",1.43933933933934,0.683215546672756,0.0971663223909133,0.0314968539930739,4422.24078489457
"118",1.44054054054054,0.682871186204984,0.0971666670300992,0.0315057750881755,4422.21372839361
"119",1.44174174174174,0.682526887667891,0.0971670055596565,0.0315146958356424,4422.18677281898
"120",1.44294294294294,0.682182651417243,0.0971673379746369,0.0315236162365723,4422.15991811733
"121",1.44414414414414,0.68183847779025,0.0971676642681293,0.0315325362901939,4422.13316423528
"122",1.44534534534535,0.681494367102525,0.0971679844318176,0.031541455994269,4422.10651111952
"123",1.44654654654655,0.681150319645124,0.0971682984564121,0.0315503753456414,4422.0799587167
"124",1.44774774774775,0.680806335683477,0.0971686063320021,0.0315592943405749,4422.05350697353
"125",1.44894894894895,0.68046241545849,0.0971689080481684,0.03156821297498,4422.02715583672
"126",1.45015015015015,0.680118559184485,0.0971692035943844,0.031577131244801,4422.00090525299
"127",1.45135135135135,0.67977476705243,0.0971694929598955,0.0315860491461137,4421.97475516908
"128",1.45255255255255,0.679431039229629,0.097169776133968,0.0315949666753006,4421.94870553175
"129",1.45375375375375,0.679087375858793,0.0971700531062427,0.0316038838292888,4421.92275628779
"130",1.45495495495495,0.678743777063945,0.0971703238661714,0.0316128006054592,4421.89690738397
"131",1.45615615615616,0.678400242947534,0.097170588403621,0.0316217170018232,4421.87115876711
"132",1.45735735735736,0.678056773593495,0.0971708467086803,0.0316306330170743,4421.84551038405
"133",1.45855855855856,0.677713369068868,0.0971710987716142,0.0316395486505108,4421.81996218161
"134",1.45975975975976,0.677370029424182,0.0971713445830605,0.0316484639021341,4421.79451410667
"135",1.46096096096096,0.677026754696321,0.0971715841337911,0.0316573787725192,4421.7691661061
"136",1.46216216216216,0.676683544907903,0.0971718174149527,0.0316662932629,4421.7439181268
"137",1.46336336336336,0.676340400069502,0.0971720444179564,0.0316752073750808,4421.71877011569
"138",1.46456456456456,0.675997320179977,0.097172265134587,0.0316841211114054,4421.69372201968
"139",1.46576576576577,0.675654305229336,0.0971724795567335,0.0316930344746639,4421.66877378574
"140",1.46696696696697,0.675311355196972,0.0971726876768158,0.0317019474681152,4421.64392536082
"141",1.46816816816817,0.67496847005522,0.0971728894874306,0.0317108600953701,4421.61917669191
"142",1.46936936936937,0.674625649767568,0.0971730849816321,0.0317197723603878,4421.59452772601
"143",1.47057057057057,0.674282894292554,0.0971732741526605,0.0317286842673593,4421.56997841012
"144",1.47177177177177,0.673940203580808,0.0971734569943302,0.0317375958206967,4421.5455286913
"145",1.47297297297297,0.673597577578712,0.097173633500726,0.0317465070249729,4421.52117851658
"146",1.47417417417417,0.673255016227933,0.0971738036663107,0.0317554178848209,4421.49692783304
"147",1.47537537537538,0.672912519465315,0.0971739674860579,0.0317643284049536,4421.47277658775
"148",1.47657657657658,0.672570087224076,0.0971741249553737,0.0317732385900457,4421.44872472783
"149",1.47777777777778,0.672227719434258,0.0971742760700944,0.0317821484447149,4421.42477220038
"150",1.47897897897898,0.671885416023279,0.097174420826544,0.031791057973477,4421.40091895255
"151",1.48018018018018,0.6715431769161,0.0971745592215185,0.0317999671806526,4421.37716493149
"152",1.48138138138138,0.671201002035729,0.0971746912523098,0.0318088760703613,4421.35351008437
"153",1.48258258258258,0.670858891303495,0.0971748169167629,0.0318177846465107,4421.32995435837
"154",1.48378378378378,0.670516844639198,0.0971749362132062,0.0318266929126814,4421.30649770069
"155",1.48498498498498,0.670174861961119,0.0971750491406227,0.0318356008721569,4421.28314005857
"156",1.48618618618619,0.669832943188595,0.0971751556982992,0.0318445085277935,4421.25988137923
"157",1.48738738738739,0.669491088239174,0.097175255886204,0.0318534158820919,4421.23672160994
"158",1.48858858858859,0.669149297030236,0.0971753497048364,0.031862322937132,4421.21366069795
"159",1.48978978978979,0.668807569480526,0.0971754371551151,0.0318712296944756,4421.19069859057
"160",1.49099099099099,0.668465905508524,0.0971755182385395,0.0318801361552145,4421.16783523509
"161",1.49219219219219,0.668124305032953,0.0971755929571198,0.0318890423199631,4421.14507057885
"162",1.49339339339339,0.667782767974023,0.0971756613133306,0.03189794818875,4421.12240456917
"163",1.49459459459459,0.667441294253938,0.0971757233099964,0.0319068537610223,4421.09983715341
"164",1.4957957957958,0.667099883795118,0.0971757789505429,0.0319157590357094,4421.07736827896
"165",1.496996996997,0.666758536522499,0.0971758282387007,0.0319246640110928,4421.05499789319
"166",1.4981981981982,0.666427539946196,0.0971798302836568,0.0319289671238056,4421.03272439631
"167",1.4993993993994,0.666085883733058,0.0971798851879612,0.0319378507904878,4421.01055081339
"168",1.5006006006006,0.665744281730701,0.0971799310920425,0.031946737201582,4420.98847556188
"169",1.5018018018018,0.665402734610255,0.0971799679235537,0.0319556264331448,4420.96649858927
"170",1.503003003003,0.665061243096796,0.0971799956182753,0.0319645185551224,4420.94461984311
"171",1.5042042042042,0.664719807961923,0.097180014118324,0.0319734136340968,4420.92283927093
"172",1.50540540540541,0.664378430027478,0.0971800233736757,0.0319823117315336,4420.9011568203
"173",1.50660660660661,0.664037110162261,0.0971800233426963,0.0319912129038347,4420.87957243883
"174",1.50780780780781,0.663696228753619,0.0971802533214698,0.0319998427273067,4420.8580860596
"175",1.50900900900901,0.663353943636806,0.0971765872353267,0.0320131397902071,4420.83669911984
"176",1.51021021021021,0.663013242489415,0.0971765497670476,0.0320220625435175,4420.81540865378
"177",1.51141141141141,0.662672600104981,0.0971765062392059,0.0320309844127986,4420.794216046
"178",1.51261261261261,0.662332016501776,0.0971764566440803,0.0320399053980981,4420.77312124412
"179",1.51381381381381,0.661991491839696,0.0971764009872687,0.0320488254876301,4420.75212419578
"180",1.51501501501502,0.661651026105863,0.0971763392546427,0.0320577446871055,4420.73122484862
"181",1.51621621621622,0.661310619480545,0.0971762714507201,0.0320666629861555,4420.71042315034
"182",1.51741741741742,0.66097027207863,0.0971761975720648,0.0320755803817255,4420.6897190486
"183",1.51861861861862,0.660629984018836,0.0971761176142522,0.0320844968714483,4420.66911249113
"184",1.51981981981982,0.660289755494127,0.0971760315790914,0.0320934124484256,4420.64860342566
"185",1.52102102102102,0.65994958662388,0.0971759394604296,0.0321023271120382,4420.62819179992
"186",1.52222222222222,0.659609477612362,0.0971758412596069,0.0321112408564237,4420.60787756169
"187",1.52342342342342,0.65926942876533,0.0971757369866938,0.0321201536706969,4420.58766065875
"188",1.52462462462462,0.658929439945601,0.0971756266101736,0.0321290655708692,4420.56754103889
"189",1.52582582582583,0.658589511796292,0.0971755101708857,0.0321379765277594,4420.54751864993
"190",1.52702702702703,0.658249643631551,0.0971753875880463,0.032146886584352,4420.52759343971
"191",1.52822822822823,0.657909679572688,0.0971752449968384,0.0321558030630996,4420.50776535604
"192",1.52942942942943,0.657569292416186,0.0971750541933562,0.0321647390656926,4420.48803434643
"193",1.53063063063063,0.657229546223616,0.0971749089530975,0.0321736466241169,4420.46840035844
"194",1.53183183183183,0.656889847797132,0.0971747566072282,0.0321825535130261,4420.4488633406
"195",1.53303303303303,0.656550191676351,0.0971745967342756,0.0321914598449234,4420.42942324079
"196",1.53423423423423,0.656207971762839,0.097174212469108,0.0322004532642204,4420.41008001102
"197",1.53543543543544,0.655868607169096,0.0971740577556992,0.0322093454649679,4420.39083358821
"198",1.53663663663664,0.655529306313443,0.0971738970318814,0.0322182373400025,4420.37168392795
"199",1.53783783783784,0.655190069358057,0.0971737303115804,0.0322271288725536,4420.35263097821
"200",1.53903903903904,0.654850896461104,0.097173557609441,0.0322360200448895,4420.33367468702
"201",1.54024024024024,0.654511787776579,0.0971733789406232,0.0322449108382908,4420.31481500237
"202",1.54144144144144,0.654172743453077,0.0971731943207586,0.0322538012331889,4420.2960518723
"203",1.54264264264264,0.653833763632205,0.0971730037660448,0.0322626912092179,4420.27738524487
"204",1.54384384384384,0.653494848447093,0.0971728072932228,0.0322715807453377,4420.25881506815
"205",1.54504504504505,0.653155998021479,0.0971726049195134,0.0322804698198957,4420.24034129023
"206",1.54624624624625,0.652817212468219,0.0971723966625071,0.0322893584107947,4420.2219638592
"207",1.54744744744745,0.652478491888701,0.0971721825400818,0.0322982464955176,4420.20368272319
"208",1.54864864864865,0.652139836371436,0.0971719625702968,0.0323071340513623,4420.18549783035
"209",1.54984984984985,0.65180124599056,0.0971717367712747,0.0323160210554542,4420.16740912883
"210",1.55105105105105,0.651462720805071,0.0971715051610763,0.0323249074850271,4420.14941656681
"211",1.55225225225225,0.651124260858613,0.097171267757383,0.0323337933174885,4420.13152009249
"212",1.55345345345345,0.650785866175834,0.0971710245776236,0.0323426785306977,4420.11371965408
"213",1.55465465465465,0.650447536766542,0.0971707756382188,0.0323515631029993,4420.09601519981
"214",1.55585585585586,0.650111657071924,0.0971706518428421,0.0323604363157345,4420.07840670676
"215",1.55705705705706,0.649773381644716,0.0971703821212426,0.0323693218660901,4420.0608940646
"216",1.55825825825826,0.64943517197432,0.0971701068876258,0.0323782064355852,4420.04347725128
"217",1.55945945945946,0.649097028086662,0.0971698261787198,0.0323870900298047,4420.02615621514
"218",1.56066066066066,0.648758949990486,0.0971695400302075,0.0323959726551903,4420.00893090451
"219",1.56186186186186,0.648420937674402,0.0971692484767353,0.0324048543192038,4419.99180126777
"220",1.56306306306306,0.648082991110732,0.0971689515509272,0.0324137350301765,4419.9747672533
"221",1.56426426426426,0.64774511025332,0.0971686492833961,0.0324226147974283,4419.95782880951
"222",1.56546546546547,0.647407295038747,0.0971683417021947,0.0324314936312466,4419.94098588482
"223",1.56666666666667,0.647069545387402,0.097168028832286,0.0324403715428691,4419.92423842767
"224",1.56786786786787,0.646731861202194,0.0971677106953591,0.0324492485445717,4419.90758638652
"225",1.56906906906907,0.646394242370242,0.0971673873093931,0.0324581246495863,4419.89102970985
"226",1.57027027027027,0.64605668876521,0.0971670586879192,0.032466999872027,4419.87456834616
"227",1.57147147147147,0.645719200244873,0.097166724840147,0.0324758742270107,4419.85820224397
"228",1.57267267267267,0.645381776654005,0.0971663857702802,0.0324847477305384,4419.84193135181
"229",1.57387387387387,0.645044417823198,0.0971660414774439,0.0324936203995872,4419.82575561823
"230",1.57507507507508,0.644707123571579,0.0971656919551443,0.0325024922519736,4419.8096749918
"231",1.57627627627628,0.644369893706668,0.097165337191157,0.032511363306419,4419.79368942112
"232",1.57747747747748,0.644032728022862,0.0971649771674188,0.0325202335826487,4419.77779885479
"233",1.57867867867868,0.643695626305276,0.0971646118596326,0.0325291031012848,4419.76200324144
"234",1.57987987987988,0.643358588329305,0.0971642412371457,0.0325379718839627,4419.74630252972
"235",1.58108108108108,0.643021613859738,0.0971638652631458,0.0325468399535164,4419.73069666828
"236",1.58228228228228,0.642684702654245,0.0971634838943536,0.0325557073339575,4419.71518560582
"237",1.58348348348348,0.642347854461858,0.0971630970814331,0.032564574050821,4419.69976929102
"238",1.58468468468468,0.642011069028143,0.0971627047690356,0.0325734401311805,4419.68444767262
"239",1.58588588588589,0.641674346094148,0.0971623068967064,0.0325823056041114,4419.66922069935
"240",1.58708708708709,0.641337685402027,0.0971619033996568,0.0325911705008383,4419.65408831996
"241",1.58828828828829,0.641001086701497,0.0971614942100408,0.0326000348549203,4419.63905048325
"242",1.58948948948949,0.64066454975529,0.0971610792593616,0.032608898702493,4419.62410713801
"243",1.59069069069069,0.640328074351514,0.0971606584813893,0.0326177620821632,4419.60925823305
"244",1.59189189189189,0.639991660320134,0.0971602318160547,0.0326266250344939,4419.59450371723
"245",1.59309309309309,0.639655307550829,0.0971597992148124,0.0326354876010832,4419.5798435394
"246",1.59429429429429,0.63931901602144,0.0971593606464262,0.0326443498226158,4419.56527764846
"247",1.5954954954955,0.638982785826937,0.097158916103154,0.0326532117360278,4419.55080599331
"248",1.5966966966967,0.638646617216161,0.0971584656046295,0.0326620733705264,4419.53642852287
"249",1.5978978978979,0.638310510614192,0.0971580091979442,0.0326709347436431,4419.52214518609
"250",1.5990990990991,0.637974466635234,0.0971575469484316,0.0326797958582841,4419.50795593191
"251",1.6003003003003,0.637638486050477,0.0971570789195643,0.0326886567045028,4419.49386070929
"252",1.6015015015015,0.637302569689242,0.0971566051448528,0.0326975172691121,4419.47985946721
"253",1.6027027027027,0.636966718262774,0.0971561256060582,0.0327063775530252,4419.46595215465
"254",1.6039039039039,0.636630932109534,0.097155640249014,0.0327152375876462,4419.45213872064
"255",1.60510510510511,0.636295210909374,0.0971551490641372,0.0327240974311383,4419.43841911425
"256",1.60630630630631,0.63596425499676,0.0971541647005331,0.0327329441984219,4419.42479320797
"257",1.60750750750751,0.635628360144056,0.0971536156902619,0.0327416867315599,4419.41126100096
"258",1.60870870870871,0.635292458791121,0.0971531028530057,0.0327504469504063,4419.39782249155
"259",1.60990990990991,0.63495653485312,0.0971526300293105,0.0327592384486009,4419.38447763928
"260",1.61111111111111,0.634620586455551,0.0971521930957295,0.0327680741549863,4419.37122640183
"261",1.61231231231231,0.634284634117243,0.0971517783976649,0.0327769620390286,4419.3580687318
"262",1.61351351351351,0.633948723093632,0.0971513646336673,0.0327859009408918,4419.34500457389
"263",1.61471471471471,0.63361217736278,0.0971511245649298,0.0327949336775238,4419.33203394219
"264",1.61591591591592,0.633277015916486,0.0971505692023954,0.0328037905462969,4419.31915649058
"265",1.61711711711712,0.632941910274838,0.0971500104876889,0.0328126472119693,4419.3063723584
"266",1.61831831831832,0.632606860847668,0.0971494483826994,0.0328215034594156,4419.29368149472
"267",1.61951951951952,0.632271868175387,0.0971488827984037,0.0328303590837752,4419.28108384861
"268",1.62072072072072,0.631936932900231,0.0971483135943905,0.0328392138999232,4419.2685793692
"269",1.62192192192192,0.631602055727721,0.0971477405824455,0.0328480677523383,4419.25616800562
"270",1.62312312312312,0.631267237374203,0.0971471635358251,0.0328569205242991,4419.24384970706
"271",1.62432432432432,0.630932478511451,0.0971465822025857,0.0328657721447613,4419.23162442275
"272",1.62552552552553,0.630597779721945,0.0971459963217169,0.0328746225914952,4419.21949210198
"273",1.62672672672673,0.630263141459713,0.0971454056409426,0.0328834718902723,4419.2074526941
"274",1.62792792792793,0.629928564038363,0.0971448099323672,0.0328923201091956,4419.19550614852
"275",1.62912912912913,0.629594047634499,0.0971442090052494,0.0329011673498446,4419.18365241468
"276",1.63033033033033,0.62925959230997,0.0971436027136905,0.0329100137360473,4419.17189144209
"277",1.63153153153153,0.628925189099591,0.0971429905694323,0.0329188626800788,4419.1602231827
"278",1.63273273273273,0.628590856428583,0.0971423734635656,0.0329277074090682,4419.14864758101
"279",1.63393393393393,0.628256585040831,0.0971417507782275,0.0329365516151298,4419.13716458919
"280",1.63513513513514,0.6279223748039,0.0971411225253049,0.0329453954189415,4419.12577415685
"281",1.63633633633634,0.627588225597414,0.0971404887389213,0.032954238923186,4419.1144762336
"282",1.63753753753754,0.627254137311267,0.0971398494658892,0.0329630822120655,4419.10327076906
"283",1.63873873873874,0.626920109844635,0.097139204756875,0.0329719253517703,4419.09215771286
"284",1.63993993993994,0.626586143101815,0.0971385546602495,0.0329807683911225,4419.08113701463
"285",1.64114114114114,0.626252237319658,0.0971378992069355,0.0329896112605245,4419.07020862392
"286",1.64234234234234,0.625918392141812,0.0971372384344378,0.032998454075215,4419.05937249047
"287",1.64354354354354,0.625584607635744,0.0971365723575015,0.0330072968105493,4419.04862856389
"288",1.64474474474474,0.625250884054135,0.0971359009743976,0.0330161393874706,4419.03797679378
"289",1.64594594594595,0.624917221899873,0.0971352242700224,0.0330249816523199,4419.02741712973
"290",1.64714714714715,0.624583621967166,0.0971345422241576,0.0330338233548256,4419.01694952123
"291",1.64834834834835,0.624250085300702,0.0971338548276689,0.0330426641337343,4419.00657391774
"292",1.64954954954955,0.623916613023503,0.0971331621065479,0.0330515035209417,4418.99629026865
"293",1.65075075075075,0.623583206005601,0.0971324641497122,0.0330603409760947,4418.98609852335
"294",1.65195195195195,0.623249864396321,0.0971317611308136,0.0330691759594016,4418.97599863124
"295",1.65315315315315,0.622916587124622,0.0971310533096225,0.033078008040023,4418.96599054185
"296",1.65435435435435,0.622583371548676,0.097130340998295,0.0330868370217552,4418.95607420494
"297",1.65555555555556,0.622250213479492,0.0971296244876786,0.03309566305065,4418.9462495705
"298",1.65675675675676,0.621917107766119,0.0971289039486283,0.0331044866569612,4418.93651658883
"299",1.65795795795796,0.621584049435469,0.0971281793530608,0.0331133086884658,4418.92687521044
"300",1.65915915915916,0.621251035085236,0.0971274504708175,0.0331221301221869,4418.91732538592
"301",1.66036036036036,0.620918063859954,0.0971267169678373,0.0331309518100538,4418.90786706575
"302",1.66156156156156,0.620585137261626,0.0971259785327913,0.0331397742935429,4418.89850020022
"303",1.66276276276276,0.620252257651279,0.0971252348543402,0.0331485978364511,4418.88922473941
"304",1.66396396396396,0.619919426461029,0.0971244853204179,0.0331574226896883,4418.88004063337
"305",1.66516516516517,0.619586643871479,0.0971237285997037,0.0331662493668589,4418.87094783222
"306",1.66636636636637,0.619253910729543,0.0971229625826808,0.0331750786197909,4418.86194628612
"307",1.66756756756757,0.618921231264255,0.0971221850639865,0.0331839110369326,4418.85303594513
"308",1.66876876876877,0.618588614036046,0.097121394966639,0.0331927465556639,4418.84421675906
"309",1.66996996996997,0.618256069902156,0.0971205933823881,0.0332015842835144,4418.83548867753
"310",1.67117117117117,0.61792360816951,0.0971197837688185,0.03321042276616,4418.82685165022
"311",1.67237237237237,0.617591233208932,0.0971189711916893,0.0332192605123825,4418.81830562707
"312",1.67357357357357,0.617258943098352,0.0971181610103645,0.0332280964698319,4418.80985055841
"313",1.67477477477477,0.616926730447247,0.097117357556799,0.0332369302519374,4418.80148639491
"314",1.67597597597598,0.616594584600083,0.0971165632051223,0.0332457620878051,4418.79321308738
"315",1.67717717717718,0.616262494194867,0.0971157779797291,0.0332545925842335,4418.7850305865
"316",1.67837837837838,0.615930449332129,0.0971149996529479,0.0332634224206667,4418.77693884265
"317",1.67957957957958,0.615598442984671,0.097114224186582,0.0332722520764006,4418.76893780571
"318",1.68078078078078,0.615266471610359,0.0971134463529381,0.0332810816458316,4418.76102742503
"319",1.68198198198198,0.614927028684175,0.0971161011406937,0.0332882425342627,4418.75320746305
"320",1.68318318318318,0.614594912410671,0.0971154594756224,0.0332966919496958,4418.74547808404
"321",1.68438438438438,0.614263185345345,0.0971146328453356,0.0333051595224732,4418.73783917105
"322",1.68558558558559,0.613930365100065,0.0971142794117217,0.0333131953653114,4418.73029068641
"323",1.68678678678679,0.613599182330257,0.0971132155299289,0.0333215573249709,4418.72283253799
"324",1.68798798798799,0.613276272239748,0.0971081098794799,0.0333341508020716,4418.71546608713
"325",1.68918918918919,0.612944775501085,0.0971072248139029,0.0333429769736382,4418.70818888893
"326",1.69039039039039,0.612613341484053,0.0971063334388267,0.0333518027973199,4418.70100194869
"327",1.69159159159159,0.612281970146996,0.0971054357626501,0.0333606282813442,4418.69390521687
"328",1.69279279279279,0.611950661446824,0.0971045317875873,0.0333694534359668,4418.68689864392
"329",1.69399399399399,0.611619415336465,0.0971036215092,0.0333782782739563,4418.67998218034
"330",1.6951951951952,0.611288231770111,0.0971027049154128,0.03338710281082,4418.67315577662
"331",1.6963963963964,0.610957110701916,0.0971017819860549,0.0333959270652068,4418.66641938331
"332",1.6975975975976,0.610626052085835,0.0971008526925884,0.0334047510593183,4418.65977295093
"333",1.6987987987988,0.610295055876331,0.0970999169975998,0.0334135748190553,4418.65321643007
"334",1.7,0.609964122028139,0.0970989748545175,0.0334223983743596,4418.64674977132
"335",1.7012012012012,0.6096332504944,0.0970980262076648,0.0334312217593933,4418.64037292529
"336",1.7024024024024,0.609302441225113,0.0970970709920955,0.0334400450126933,4418.63408584261
"337",1.7036036036036,0.608971694167158,0.09709610913354,0.0334488681771874,4418.62788847396
"338",1.7048048048048,0.608641009261662,0.0970951405485507,0.0334576913001385,4418.62178076999
"339",1.70600600600601,0.608310386440131,0.0970941651448344,0.0334665144331082,4418.61576268143
"340",1.70720720720721,0.60797982562467,0.0970931828212934,0.0334753376315789,4418.609834159
"341",1.70840840840841,0.607649326723113,0.0970921934685113,0.033484160954633,4418.60399515344
"342",1.70960960960961,0.607318889625876,0.0970911969692964,0.0334929844644469,4418.59824561553
"343",1.71081081081081,0.606988514204125,0.0970901931989505,0.0335018082255067,4418.59258549606
"344",1.71201201201201,0.606658200304151,0.0970891820263756,0.0335106323038764,4418.58701474584
"345",1.71321321321321,0.606327947742886,0.0970881633147331,0.0335194567660885,4418.58153331571
"346",1.71441441441441,0.605997756305663,0.0970871369224285,0.033528281677887,4418.57614115653
"347",1.71561561561562,0.605667625740484,0.0970861027044465,0.0335371071027946,4418.57083821917
"348",1.71681681681682,0.605337555751783,0.0970850605140652,0.0335459331004594,4418.56562445453
"349",1.71801801801802,0.605002838780737,0.0970798536571185,0.0335456620212904,4418.56049598806
"350",1.71921921921922,0.604672705931339,0.0970787959580784,0.033554455734758,4418.55546042712
"351",1.72042042042042,0.604342628220977,0.0970777532204508,0.0335632642155549,4418.55051389123
"352",1.72162162162162,0.604012607199367,0.0970767235010338,0.0335720876030531,4418.54565633125
"353",1.72282282282282,0.603677163218919,0.0970809312018399,0.033590705916012,4418.54089222926
"354",1.72402402402402,0.6033477204675,0.0970799191273028,0.033599456730815,4418.53621241453
"355",1.72522522522523,0.603018315004198,0.0970789014222515,0.0336082099050583,4418.53162143157
"356",1.72642642642643,0.602688947688939,0.097077878166933,0.0336169652881548,4418.5271192312
"357",1.72762762762763,0.602359619329221,0.0970768494392888,0.0336257227374025,4418.52270576428
"358",1.72882882882883,0.602030330679663,0.0970758153153651,0.0336344821177972,4418.5183809817
"359",1.73003003003003,0.601701082447318,0.0970747758689004,0.0336432433017459,4418.51414483438
"360",1.73123123123123,0.601371875292983,0.0970737311715595,0.0336520061687528,4418.50999727328
"361",1.73243243243243,0.601042709833737,0.0970726812927684,0.0336607706053217,4418.50593824939
"362",1.73363363363363,0.60071358664477,0.0970716262997291,0.0336695365047051,4418.50196771374
"363",1.73483483483483,0.600384506261661,0.0970705662574736,0.0336783037667527,4418.49808561736
"364",1.73603603603604,0.600055469181342,0.097069501228781,0.0336870722977821,4418.49429191135
"365",1.73723723723724,0.599726475864929,0.0970684312741583,0.0336958420104034,4418.4905865468
"366",1.73843843843844,0.599397526735803,0.0970673564521925,0.0337046128235502,4418.48696947486
"367",1.73963963963964,0.599068622185788,0.0970662768189737,0.03371338466218,4418.48344064669
"368",1.74084084084084,0.598739762572507,0.0970651924286115,0.0337221574573599,4418.48000001348
"369",1.74204204204204,0.59841094822406,0.0970641033327818,0.0337309311460325,4418.47664752645
"370",1.74324324324324,0.59808217943733,0.0970630095811609,0.0337397056710921,4418.47338313685
"371",1.74444444444444,0.597753456482369,0.0970619112209543,0.0337484809811592,4418.47020679594
"372",1.74564564564565,0.597424779603488,0.0970608082970215,0.0337572570305054,4418.46711845503
"373",1.74684684684685,0.59709614902288,0.0970597008515089,0.0337660337789295,4418.46411806545
"374",1.74804804804805,0.596767564941215,0.0970585889239997,0.0337748111916041,4418.46120557853
"375",1.74924924924925,0.5964390275417,0.0970574725512199,0.0337835892388578,4418.45838094565
"376",1.75045045045045,0.596110536994527,0.097056351766621,0.033792367895935,4418.45564411822
"377",1.75165165165165,0.595782093461119,0.0970552266001673,0.0338011471426092,4418.45299504765
"378",1.75285285285285,0.595453697096646,0.0970540970782535,0.0338099269629437,4418.45043368539
"379",1.75405405405405,0.59512534805608,0.0970529632233418,0.0338187073447696,4418.44795998292
"380",1.75525525525526,0.594797046502329,0.0970518250531656,0.0338274882791155,4418.44557389172
"381",1.75645645645646,0.594468792606619,0.097050682581348,0.0338362697598078,4418.44327536332
"382",1.75765765765766,0.594140586558341,0.0970495358164086,0.0338450517827328,4418.44106434924
"383",1.75885885885886,0.593812428569523,0.0970483847619978,0.0338538343451894,4418.43894080106
"384",1.76006006006006,0.593484318879621,0.0970472294166867,0.033862617445373,4418.43690467034
"385",1.76126126126126,0.593156257760024,0.0970460697740968,0.0338714010817385,4418.43495590869
"386",1.76246246246246,0.592828245519972,0.0970449058226378,0.0338801852524043,4418.43309446772
"387",1.76366366366366,0.592500282506189,0.0970437375458913,0.0338889699549075,4418.43132029909
"388",1.76486486486486,0.592172369104665,0.097042564922475,0.0338977551858644,4418.42963335444
"389",1.76606606606607,0.591844505739589,0.0970413879257476,0.0339065409408006,4418.42803358545
"390",1.76726726726727,0.59151669287038,0.0970402065230426,0.0339153272139774,4418.42652094383
"391",1.76846846846847,0.591188930984224,0.0970390206746307,0.0339241139982286,4418.42509538129
"392",1.76966966966967,0.590861220586686,0.0970378303315655,0.0339329012843496,4418.42375684957
"393",1.77087087087087,0.590533562191333,0.0970366354325228,0.0339416890597665,4418.42250530041
"394",1.77207207207207,0.590205956302083,0.0970354358998914,0.0339504773062731,4418.42134068559
"395",1.77327327327327,0.589878403393716,0.0970342316350181,0.0339592659962663,4418.42026295687
"396",1.77447447447447,0.589550903886588,0.0970330225133099,0.0339680550872594,4418.41927206604
"397",1.77567567567568,0.589223458120883,0.0970318083798365,0.0339768445143571,4418.41836796488
"398",1.77687687687688,0.588896066318121,0.0970305890482555,0.0339856341818868,4418.41755060516
"399",1.77807807807808,0.58856106646044,0.0970297108007891,0.033994169094157,4418.4168198921
"400",1.77927927927928,0.588233684021284,0.0970284816852426,0.0340029295878355,4418.41617585286
"401",1.78048048048048,0.587906505275161,0.0970272400852276,0.0340116937007414,4418.41561840923
"402",1.78168168168168,0.587578043396294,0.0970260517265284,0.0340203976706247,4418.4151475112
"403",1.78288288288288,0.587251384236532,0.0970247804073847,0.0340291729813075,4418.41476311331
"404",1.78408408408408,0.586924832844011,0.0970235015132948,0.0340379523094736,4418.41446517006
"405",1.78528528528529,0.586598325105728,0.0970222179038088,0.0340467328147481,4418.41425363343
"406",1.78648648648649,0.586271860819493,0.097020929628778,0.0340555144485974,4418.4141284554
"407",1.78768768768769,0.585945440196562,0.0970196367279841,0.0340642971792248,4418.41408958799
"408",1.78888888888889,0.585619063180534,0.0970183392613303,0.0340730809526591,4418.41413698322
"409",1.79009009009009,0.58529272987326,0.0970170372903005,0.0340818657172905,4418.41427059314
"410",1.79129129129129,0.584966440448823,0.0970157308816912,0.0340906514190036,4418.41449036983
"411",1.79249249249249,0.584640195126488,0.09701442010901,0.0340994379991311,4418.41479626537
"412",1.79369369369369,0.584313994337172,0.0970131050442495,0.0341082254080325,4418.41518823189
"413",1.79489489489489,0.583987838533906,0.097011785766812,0.0341170135902773,4418.41566622151
"414",1.7960960960961,0.583661728324356,0.0970104623565708,0.0341258024945209,4418.41623018641
"415",1.7972972972973,0.583335664490853,0.097009134892677,0.0341345920761103,4418.41688007877
"416",1.7984984984985,0.583009648034186,0.0970078034502634,0.0341433823009715,4418.41761585081
"417",1.7996996996997,0.5826836801512,0.0970064681015112,0.0341521731408945,4418.41843745479
"418",1.8009009009009,0.582357762310467,0.0970051289118112,0.0341609645753224,4418.41934484298
"419",1.8021021021021,0.582031787014964,0.0970037931261983,0.0341697648452115,4418.42033797474
"420",1.8033033033033,0.581705818030847,0.0970024558181369,0.0341785659896482,4418.42141679591
"421",1.8045045045045,0.581379880492426,0.0970011152558599,0.0341873657772254,4418.42258125694
"422",1.80570570570571,0.581053975118302,0.0969997713935221,0.0341961641710055,4418.42383131011
"423",1.80690690690691,0.580728102516568,0.0969984241844472,0.0342049611298604,4418.42516690776
"424",1.80810810810811,0.580402263197881,0.0969970735798175,0.0342137566144025,4418.42658800222
"425",1.80930930930931,0.580076457561687,0.0969957195299578,0.0342225505819112,4418.42809454588
"426",1.81051051051051,0.579748653679807,0.0969941181097447,0.034230827932552,4418.42968611849
"427",1.81171171171171,0.579422841091516,0.0969927647335375,0.034239604612648,4418.43136340931
"428",1.81291291291291,0.579097081858959,0.0969914064500382,0.0342483808157965,4418.43312600712
"429",1.81411411411411,0.578771557013768,0.0969900657921549,0.0342571979044645,4418.43497389322
"430",1.81531531531532,0.578445900092286,0.0969886968333104,0.0342659725951736,4418.43690696212
"431",1.81651651651652,0.578120296510564,0.0969873230507224,0.034274746795083,4418.43892519564
"432",1.81771771771772,0.577794746237894,0.0969859444638317,0.0342835205006046,4418.44102854635
"433",1.81891891891892,0.577469249244321,0.0969845610915253,0.034292293708234,4418.44321696687
"434",1.82012012012012,0.577143805500695,0.0969831729523126,0.0343010664145646,4418.44549040983
"435",1.82132132132132,0.576818414978326,0.0969817800643027,0.0343098386163028,4418.44784882786
"436",1.82252252252252,0.576493077648795,0.0969803824452635,0.0343186103103155,4418.45029217364
"437",1.82372372372372,0.576167793485037,0.0969789801125328,0.0343273814934953,4418.45282039987
"438",1.82492492492492,0.575842562460653,0.0969775730829706,0.0343361521628879,4418.45543345925
"439",1.82612612612613,0.575517384549532,0.096976161373239,0.0343449223156495,4418.45813130451
"440",1.82732732732733,0.575192259727047,0.0969747449995111,0.0343536919490175,4418.46091388842
"441",1.82852852852853,0.574867187967476,0.0969733239777943,0.0343624610604353,4418.46378116374
"442",1.82972972972973,0.574542169247773,0.0969718983235832,0.0343712296473243,4418.46673308326
"443",1.83093093093093,0.574217203544284,0.09697046805216,0.0343799977072967,4418.46976959982
"444",1.83213213213213,0.573892290833155,0.0969690331786846,0.0343887652380923,4418.47289066624
"445",1.83333333333333,0.57356743109318,0.096967593717706,0.0343975322374418,4418.47609623538
"446",1.83453453453453,0.573242624301997,0.0969661496837908,0.0344062987032481,4418.47938626013
"447",1.83573573573574,0.572917870437118,0.0969647010913064,0.0344150646335391,4418.48276069338
"448",1.83693693693694,0.572593169478623,0.0969632479541103,0.0344238300262619,4418.48621948806
"449",1.83813813813814,0.57226852140447,0.0969617902862017,0.0344325948796212,4418.48976259711
"450",1.83933933933934,0.571943926194581,0.0969603281011577,0.0344413591917391,4418.4933899735
"451",1.84054054054054,0.571619383827319,0.0969588614126422,0.0344501229608901,4418.4971015702
"452",1.84174174174174,0.571294894283215,0.096957390233928,0.0344588861852819,4418.50089734024
"453",1.84294294294294,0.570970457541326,0.0969559145783191,0.0344676488631971,4418.50477723663
"454",1.84414414414414,0.570646073580375,0.0969544344590726,0.0344764109929568,4418.50874121242
"455",1.84534534534535,0.570321742381134,0.0969529498891325,0.0344851725727155,4418.51278922068
"456",1.84654654654655,0.569997463920645,0.0969514608817908,0.034493933600787,4418.51692121451
"457",1.84774774774775,0.569673238178073,0.0969499674500236,0.0345026940752825,4418.52113714702
"458",1.84894894894895,0.569349065130756,0.0969484696069333,0.0345114539942611,4418.52543697133
"459",1.85015015015015,0.569024944755497,0.0969469673657585,0.0345202133556526,4418.52982064061
"460",1.85135135135135,0.568700877028345,0.0969454607396611,0.0345289721572144,4418.53428810803
"461",1.85255255255255,0.568376861923261,0.0969439497421505,0.0345377303965466,4418.53883932678
"462",1.85375375375375,0.568052899414206,0.0969424343867506,0.034546488070895,4418.54347425009
"463",1.85495495495495,0.567728989471535,0.096940914687384,0.0345552451773095,4418.54819283118
"464",1.85615615615616,0.567405132064342,0.0969393906582637,0.0345640017124416,4418.55299502333
"465",1.85735735735736,0.567081327159779,0.0969378623138979,0.0345727576724913,4418.55788077981
"466",1.85855855855856,0.566757574720392,0.0969363296694599,0.0345815130532111,4418.56285005392
"467",1.85975975975976,0.566433874707029,0.0969347927404747,0.0345902678497226,4418.56790279898
"468",1.86096096096096,0.566110227074266,0.0969332515434862,0.0345990220565638,4418.57303896834
"469",1.86216216216216,0.565786631774257,0.0969317060955072,0.0346077756674028,4418.57825851536
"470",1.86336336336336,0.565463088751407,0.0969301564148101,0.0346165286751154,4418.58356139343
"471",1.86456456456456,0.565139597944371,0.0969286025206884,0.0346252810715625,4418.58894755595
"472",1.86576576576577,0.564816159284664,0.0969270444338317,0.0346340328474518,4418.59441695634
"473",1.86696696696697,0.564492772693745,0.0969254821765038,0.0346427839922416,4418.59996954807
"474",1.86816816816817,0.564169438082639,0.0969239157729271,0.0346515344939528,4418.60560528458
"475",1.86936936936937,0.563846155350779,0.0969223452493863,0.0346602843389336,4418.61132411938
"476",1.87057057057057,0.563522924382864,0.0969207706347631,0.0346690335116905,4418.61712600597
"477",1.87177177177177,0.563199745045656,0.0969191919611015,0.0346777819947282,4418.62301089788
"478",1.87297297297297,0.56287661718581,0.0969176092639465,0.0346865297682096,4418.62897874866
"479",1.87417417417417,0.562553540627087,0.0969160225829851,0.0346952768096298,4418.63502951188
"480",1.87537537537538,0.562230515163001,0.096914431963055,0.034704023093685,4418.64116314114
"481",1.87657657657658,0.56190754055299,0.096912837455024,0.0347127685917796,4418.64737959004
"482",1.87777777777778,0.561584616516315,0.0969112391167257,0.0347215132716431,4418.65367881222
"483",1.87897897897898,0.561261742720037,0.0969096370149508,0.0347302570971787,4418.66006076133
"484",1.88018018018018,0.560938918771683,0.0969080312267833,0.0347390000278627,4418.66652539104
"485",1.88138138138138,0.560616144204581,0.0969064218419835,0.0347477420184456,4418.67307265506
"486",1.88258258258258,0.560293418459665,0.0969048089659767,0.0347564830188705,4418.67970250708
"487",1.88378378378378,0.559970740867681,0.0969031927229082,0.0347652229739107,4418.68641490087
"488",1.88498498498498,0.559648110619162,0.0969015732602934,0.0347739618236635,4418.69320979017
"489",1.88618618618619,0.559325526733719,0.0968999507539074,0.0347826995041113,4418.70008712877
"490",1.88738738738739,0.559002988021358,0.0968983254137484,0.0347914359485005,4418.70704687049
"491",1.88858858858859,0.55868049302834,0.0968966974916757,0.0348001710904193,4418.71408896918
"492",1.88978978978979,0.558358039979207,0.0968950672892566,0.0348089048681695,4418.72121337871
"493",1.89099099099099,0.558035626708726,0.0968934351659324,0.034817637231945,4418.72842005302
"494",1.89219219219219,0.557713250575512,0.0968918015476189,0.0348263681554091,4418.73570894607
"495",1.89339339339339,0.557390908379897,0.0968901669321568,0.0348350976520353,4418.74308001191
"496",1.89459459459459,0.557068596282671,0.0968885318894287,0.0348438257988323,4418.75053320466
"497",1.8957957957958,0.556746309742883,0.096886897052133,0.0348525527691794,4418.75806847856
"498",1.896996996997,0.556424043520493,0.0968852630878459,0.0348612788754746,4418.76568578794
"499",1.8981981981982,0.556101791784035,0.096883630644293,0.0348700046222142,4418.7733850873
"500",1.8993993993994,0.55577954841039,0.0968820002544962,0.0348787307653434,4418.78116633133
"501",1.9006006006006,0.555457307580637,0.0968803721898308,0.0348874583692038,4418.78902947484
"502",1.9018018018018,0.55513506479581,0.0968787462534476,0.0348961888418997,4418.79697447284
"503",1.903003003003,0.554812818403141,0.0968771215231734,0.0349049239207348,4418.80500128039
"504",1.9042042042042,0.554490571626103,0.0968754960805214,0.0349136655679739,4418.81310985249
"505",1.90540540540541,0.554168334862631,0.0968738668068025,0.0349224157396404,4418.82130014384
"506",1.90660660660661,0.553846127679293,0.0968722293688648,0.0349311760113585,4418.82957210861
"507",1.90780780780781,0.553523979563333,0.0968705785319762,0.0349399471013321,4418.83792570014
"508",1.90900900900901,0.553201928368322,0.0968689088783302,0.034948728407197,4418.84636087077
"509",1.91021021021021,0.552880015789629,0.096867215861213,0.0349575177420911,4418.85487757199
"510",1.91141141141141,0.552558280287411,0.0968654969211854,0.0349663114466404,4418.86347575478
"511",1.91261261261261,0.552236749217006,0.0968637522614057,0.0349751049402385,4418.87215537026
"512",1.91381381381381,0.551915432768483,0.0968619849377223,0.034983893581048,4418.88091637031
"513",1.91501501501501,0.551594321830207,0.0968602001923298,0.034992673552101,4418.88975870806
"514",1.91621621621622,0.551273390287082,0.0968584042842288,0.0350014424797863,4418.89868233797
"515",1.91741741741742,0.550952600439961,0.0968566032507883,0.0350101996309521,4418.90768721559
"516",1.91861861861862,0.550631909318976,0.0968548019782579,0.0350189457260485,4418.9167732972
"517",1.91981981981982,0.550311273933477,0.09685300375156,0.0350276825307553,4418.92594053934
"518",1.92102102102102,0.549990654524872,0.0968512102414944,0.0350364124044491,4418.9351888985
"519",1.92222222222222,0.54967001592711,0.0968494217772732,0.0350451379224015,4418.94451833094
"520",1.92342342342342,0.549349327817485,0.0968476377393543,0.0350538616043554,4418.95392879266
"521",1.92462462462462,0.54902856489308,0.0968458569541696,0.0350625857166429,4418.96342023935
"522",1.92582582582583,0.548707707998833,0.0968440780187421,0.0350713120780133,4418.97299262643
"523",1.92702702702703,0.548386746991197,0.0968422995155853,0.0350800418010188,4418.98264590895
"524",1.92822822822823,0.548065685504767,0.0968405200993203,0.0350887749588209,4418.99238004139
"525",1.92942942942943,0.547744546411433,0.0968387384824832,0.0350975103019856,4419.00219497742
"526",1.93063063063063,0.547423374616788,0.0968369534345219,0.0351062453188851,4419.01209066975
"527",1.93183183183183,0.547102232185278,0.0968351639641412,0.035114976948676,4419.02206707048
"528",1.93303303303303,0.546781182794072,0.0968333697593247,0.0351237028877216,4419.03212413201
"529",1.93423423423423,0.546460270548838,0.0968315717230987,0.0351324227763519,4419.04226180812
"530",1.93543543543544,0.546139509451853,0.0968297724224168,0.0351411382460719,4419.05248005443
"531",1.93663663663664,0.545823921291262,0.0968104986326684,0.0351941540976018,4419.06287329903
"532",1.93783783783784,0.545496017982295,0.0968260494855178,0.0351590462533472,4419.07315840882
"533",1.93903903903904,0.545168463245829,0.0968231439877592,0.035177303607667,4419.08362695974
"534",1.94024024024024,0.544861118398836,0.0968227678919447,0.0351666485827781,4419.09415482787
"535",1.94144144144144,0.544538347175951,0.0968212162128948,0.0351845818062221,4419.10477827966
"536",1.94264264264264,0.54421975536249,0.0968190301582149,0.0351934256126203,4419.1154790097
"537",1.94384384384384,0.543899425813369,0.0968172334201671,0.0352021498075194,4419.12626001199
"538",1.94504504504504,0.543579504075838,0.0968154321273523,0.0352108683755914,4419.13712121893
"539",1.94624624624625,0.543259719422265,0.0968136249460918,0.0352195868802055,4419.14806259141
"540",1.94744744744745,0.54293987400179,0.0968118181085459,0.0352283108304205,4419.15908409061
"541",1.94864864864865,0.54261985781284,0.0968100204248503,0.0352370449706686,4419.17018567672
"542",1.94984984984985,0.542299672772902,0.0968082376200275,0.0352457919785439,4419.18136730738
"543",1.95105105105105,0.5419794172017,0.0968064692949204,0.0352545511182397,4419.19262893643
"544",1.95225225225225,0.541656348656012,0.0968054566917625,0.0352635418650505,4419.20397083027
"545",1.95345345345345,0.54133610298233,0.0968035852667077,0.0352722517827659,4419.21539225148
"546",1.95465465465465,0.541015989818397,0.0968016902525199,0.0352809497179404,4419.22689351219
"547",1.95585585585586,0.540696037525272,0.0967997767427023,0.0352896373934258,4419.23847456902
"548",1.95705705705706,0.540376250609976,0.0967978499935739,0.0352983170720735,4419.2501353792
"549",1.95825825825826,0.5400566197836,0.0967959145843914,0.0353069910711848,4419.26187590008
"550",1.95945945945946,0.539737129431673,0.0967939740768966,0.0353156614553129,4419.2736960888
"551",1.96066066066066,0.539417762262143,0.0967920310080571,0.0353243299015901,4419.28559590216
"552",1.96186186186186,0.539098501817763,0.0967900870414549,0.0353329976801427,4419.2975752966
"553",1.96306306306306,0.538779333624849,0.0967881431632853,0.0353416656938295,4419.30963422821
"554",1.96426426426426,0.538460245558613,0.0967861998665032,0.0353503345407325,4419.32177265282
"555",1.96546546546547,0.538141227796968,0.0967842573028064,0.0353590045791521,4419.33399052601
"556",1.96666666666667,0.537822272587201,0.0967823153989364,0.0353676759859514,4419.34628780323
"557",1.96786786786787,0.53750337394524,0.0967803739420939,0.0353763488053823,4419.35866443981
"558",1.96906906906907,0.537184527350651,0.0967784326405365,0.0353850229883635,4419.37112039101
"559",1.97027027027027,0.536865729468245,0.0967764911655668,0.0353936984232872,4419.38365561204
"560",1.97147147147147,0.536546977901105,0.0967745491800372,0.035402374960179,4419.3962700581
"561",1.97267267267267,0.536228270987361,0.0967726063566897,0.0354110524290654,4419.40896368439
"562",1.97387387387387,0.535909607625704,0.0967706623901552,0.0354197306542757,4419.42173644611
"563",1.97507507507507,0.535590987136985,0.0967687170036332,0.0354284094652029,4419.4345882985
"564",1.97627627627628,0.535272409148197,0.096766769952603,0.035437088704419,4419.44751919681
"565",1.97747747747748,0.534953873503831,0.0967648210256923,0.0354457682334029,4419.46052909635
"566",1.97867867867868,0.53463538019181,0.0967628700443762,0.0354544479366595,4419.47361795245
"567",1.97987987987988,0.534316929289257,0.0967609168611344,0.0354631277239988,4419.4867857205
"568",1.98108108108108,0.53399852091763,0.0967589613571653,0.0354718075318133,4419.5000323559
"569",1.98228228228228,0.533686050076122,0.0967567351383414,0.0354805641627019,4419.51335776239
"570",1.98348348348348,0.533367487080215,0.0967547826693594,0.0354892564893824,4419.52676200965
"571",1.98468468468468,0.53304897029015,0.0967528270368404,0.0354979497118108,4419.54024499111
"572",1.98588588588589,0.532730500635655,0.0967508683132557,0.0355066438066662,4419.55380666234
"573",1.98708708708709,0.532412079182958,0.0967489065701407,0.0355153387393308,4419.56744697891
"574",1.98828828828829,0.532090214196219,0.0967471143078686,0.0355239252457337,4419.58116588754
"575",1.98948948948949,0.531771768773753,0.0967451566277819,0.0355325994375699,4419.59496335277
"576",1.99069069069069,0.531452798374361,0.0967432262738925,0.0355412469437993,4419.60883932731
"577",1.99189189189189,0.53113477608129,0.0967412476041621,0.0355499276924549,4419.62279376907
"578",1.99309309309309,0.530816797399699,0.0967392662183201,0.0355586088946114,4419.63682663433
"579",1.99429429429429,0.530498861644389,0.0967372821279397,0.0355672905896212,4419.65093787884
"580",1.9954954954955,0.530180968895753,0.0967352952994528,0.0355759728405459,4419.66512745838
"581",1.9966966966967,0.52986311908156,0.0967333057026573,0.0355846556876438,4419.67939532872
"582",1.9978978978979,0.529545312361739,0.0967313132888531,0.0355933391714129,4419.69374144566
"583",1.9990990990991,0.529227548813445,0.0967293180093462,0.0356020233106956,4419.70816576499
"584",2.0003003003003,0.52890982842227,0.0967273198175781,0.0356107080966921,4419.72266824255
"585",2.0015015015015,0.528592151417711,0.0967253186492584,0.0356193935244307,4419.73724883414
"586",2.0027027027027,0.528274517906222,0.0967233144461214,0.035628079559927,4419.75190749563
"587",2.0039039039039,0.527956928035562,0.0967213071470305,0.035636766155741,4419.76664418285
"588",2.0051051051051,0.527639382039177,0.0967192966856338,0.0356454532598328,4419.78145885169
"589",2.00630630630631,0.527321880107383,0.0967172830002152,0.0356541408027635,4419.79635145802
"590",2.00750750750751,0.527004422459659,0.0967152660295127,0.0356628287083618,4419.81132195775
"591",2.00870870870871,0.526687009304927,0.0967132457163704,0.0356715168915667,4419.8263703068
"592",2.00990990990991,0.526369640883655,0.0967112220051495,0.0356802052671661,4419.84149646111
"593",2.01111111111111,0.526052317402426,0.0967091948469129,0.0356888937427077,4419.85670037665
"594",2.01231231231231,0.525735039075111,0.096707164196744,0.0356975822270954,4419.87198200939
"595",2.01351351351351,0.525417806101718,0.0967051300153391,0.0357062706297078,4419.88734131535
"596",2.01471471471471,0.525100618662935,0.0967030922695965,0.0357149588612545,4419.90277825056
"597",2.01591591591592,0.524783476946571,0.0967010509300575,0.0357236468399653,4419.91829277107
"598",2.01711711711712,0.524466381107296,0.096699005974288,0.0357323344858387,4419.93388483298
"599",2.01831831831832,0.524149331267817,0.0966969573866681,0.0357410217220223,4419.94955439239
"600",2.01951951951952,0.523832327568898,0.0966949051533629,0.035749708484047,4419.96530140544
"601",2.02072072072072,0.523515370092735,0.0966928492692703,0.0357583947070026,4419.98112582828
"602",2.02192192192192,0.523198458934149,0.0966907897309469,0.0357670803376966,4419.99702761711
"603",2.02312312312312,0.522881594154817,0.0966887265406393,0.0357757653271301,4420.01300672815
"604",2.02432432432432,0.522564775803786,0.096686659704095,0.0357844496337182,4420.02906311763
"605",2.02552552552553,0.52224800391002,0.0966845892310077,0.0357931332213724,4420.04519674182
"606",2.02672672672673,0.521931278497196,0.0966825151332214,0.0358018160619973,4420.06140755701
"607",2.02792792792793,0.521614599561411,0.0966804374269228,0.0358104981307159,4420.07769551953
"608",2.02912912912913,0.521297967092801,0.096678356130124,0.0358191794094222,4420.09406058571
"609",2.03033033033033,0.520981381073959,0.096676271262704,0.035827859885478,4420.11050271193
"610",2.03153153153153,0.520664841474526,0.0966741828467488,0.0358365395505149,4420.12702185458
"611",2.03273273273273,0.520348348252101,0.0966720909064732,0.0358452183994807,4420.14361797007
"612",2.03393393393393,0.520031901363155,0.0966699954668316,0.0358538964325234,4420.16029101486
"613",2.03513513513513,0.519715500748493,0.0966678965550893,0.0358625736512974,4420.1770409454
"614",2.03633633633634,0.519399146348939,0.0966657941989635,0.0358712500611429,4420.19386771819
"615",2.03753753753754,0.519082838109306,0.0966636884260845,0.0358799256717989,4420.21077128974
"616",2.03873873873874,0.518766575952983,0.0966615792672788,0.0358886004935074,4420.22775161658
"617",2.03993993993994,0.518450359824377,0.0966594667496076,0.0358972745352664,4420.24480865527
"618",2.04114114114114,0.518134189635729,0.0966573509064955,0.0359059478130041,4420.2619423624
"619",2.04234234234234,0.517818065332426,0.0966552317660287,0.0359146203425196,4420.27915269457
"620",2.04354354354354,0.517501986842969,0.0966531093587963,0.0359232921397597,4420.29643960841
"621",2.04474474474474,0.517185954090742,0.0966509837160596,0.035931963219825,4420.31380306056
"622",2.04594594594595,0.516869967003518,0.0966488548686345,0.0359406335987152,4420.33124300768
"623",2.04714714714715,0.516554025534594,0.0966467228440961,0.0359493032977129,4420.34875940649
"624",2.04834834834835,0.516238129600801,0.0966445876744848,0.0359579723300415,4420.36635221368
"625",2.04954954954955,0.515922279156723,0.0966424493870601,0.0359666407158102,4420.38402138599
"626",2.05075075075075,0.515606474133209,0.0966403080118709,0.0359753084695764,4420.40176688019
"627",2.05195195195195,0.515290714484636,0.0966381635757808,0.0359839756092272,4420.41958865304
"628",2.05315315315315,0.514975000155732,0.0966360161066775,0.0359926421495081,4420.43748666134
"629",2.05435435435435,0.514659331104947,0.0966338656304271,0.0360013081062966,4420.45546086192
"630",2.05555555555556,0.514343707289008,0.096631712172755,0.036009973493505,4420.47351121161
"631",2.05675675675676,0.514028128679169,0.0966295557572493,0.0360186383262041,4420.49163766728
"632",2.05795795795796,0.513712595227278,0.0966273964096143,0.0360273026135814,4420.50984018581
"633",2.05915915915916,0.513397106918617,0.0966252341507853,0.0360359663700358,4420.5281187241
"634",2.06036036036036,0.513081663721406,0.0966230690036348,0.0360446296041273,4420.54647323908
"635",2.06156156156156,0.512766265615067,0.0966209009891131,0.036053292324941,4420.5649036877
"636",2.06276276276276,0.512450912584336,0.0966187301271089,0.0360619545407392,4420.58341002691
"637",2.06396396396396,0.512135604612456,0.0966165564372945,0.0360706162576478,4420.60199221371
"638",2.06516516516517,0.511820341688441,0.0966143799382713,0.0360792774809329,4420.62065020511
"639",2.06636636636637,0.511505123823554,0.0966122006451169,0.0360879382188162,4420.63938395813
"640",2.06756756756757,0.511189950979182,0.0966100185796795,0.0360965984678269,4420.65819342983
"641",2.06876876876877,0.510874823182812,0.0966078337541856,0.0361052582361633,4420.67707857727
"642",2.06996996996997,0.510559740423338,0.0966056461860255,0.03611391752343,4420.69603935755
"643",2.07117117117117,0.510244702707523,0.0966034558899061,0.0361225763311117,4420.71507572779
"644",2.07237237237237,0.509929710041685,0.0966012628803136,0.0361312346601234,4420.73418764511
"645",2.07357357357357,0.509614762399554,0.0965990671767232,0.0361398925037425,4420.75337506667
"646",2.07477477477477,0.509299859797021,0.0965968687920629,0.0361485498636969,4420.77263794966
"647",2.07597597597598,0.508985002254468,0.0965946677383798,0.0361572067423976,4420.79197625127
"648",2.07717717717718,0.508670189772141,0.0965924640307691,0.0361658631381649,4420.81138992872
"649",2.07837837837838,0.508355422315998,0.0965902576900942,0.0361745190424947,4420.83087893925
"650",2.07957957957958,0.508040699926227,0.0965880487248185,0.0361831744635134,4420.85044324014
"651",2.08078078078078,0.507726022558452,0.0965858371576002,0.0361918293923756,4420.87008278866
"652",2.08198198198198,0.507411390229631,0.0965836230006756,0.036200483834488,4420.88979754213
"653",2.08318318318318,0.507096802923976,0.0965814062717574,0.0362091377901353,4420.90958745788
"654",2.08438438438438,0.506782260623697,0.0965791869886961,0.0362177912613241,4420.92945249327
"655",2.08558558558559,0.506467763322642,0.0965769651670996,0.0362264442546843,4420.94939260566
"656",2.08678678678679,0.506153310950956,0.0965747408337527,0.0362350967669222,4420.96940775247
"657",2.08798798798799,0.505838903528934,0.0965725139986324,0.0362437488154627,4420.98949789111
"658",2.08918918918919,0.505524541013365,0.0965702846825238,0.0362524004084792,4421.00966297904
"659",2.09039039039039,0.505210223335332,0.0965680529106311,0.0362610515525101,4421.02990297371
"660",2.09159159159159,0.504895950479212,0.0965658186968616,0.0362697022684997,4421.05021783262
"661",2.09279279279279,0.504581722388706,0.0965635820618312,0.0362783525731216,4421.07060751329
"662",2.09399399399399,0.504267538996282,0.0965613430271168,0.0362870024848685,4421.09107197326
"663",2.0951951951952,0.503953400243155,0.0965591016108038,0.036295652028445,4421.11161117009
"664",2.0963963963964,0.50363930607737,0.0965568578275171,0.0363043012341575,4421.13222506136
"665",2.0975975975976,0.503325256386578,0.0965546117026959,0.0363129501247047,4421.15291360468
"666",2.0987987987988,0.503011251148886,0.0965523632396947,0.0363215987446893,4421.17367675769
"667",2.1,0.502697290243616,0.0965501124605328,0.0363302471239574,4421.19451447804
"668",2.1012012012012,0.502383373584319,0.096547859376975,0.0363388953028741,4421.2154267234
"669",2.1024024024024,0.502069501094249,0.0965456039950825,0.0363475433276808,4421.23641345148
"670",2.1036036036036,0.501755672645904,0.0965433463293135,0.0363561912386261,4421.25747461999
"671",2.1048048048048,0.501441888189399,0.0965410863721008,0.0363648390935525,4421.27861018669
"672",2.10600600600601,0.501128147615583,0.0965388241256478,0.0363734869423999,4421.29982010935
"673",2.10720720720721,0.500814450851111,0.0965365595794894,0.036382134843666,4421.32110434574
"674",2.10840840840841,0.500500797637946,0.0965342927648509,0.0363907828258055,4421.34246285369
"675",2.10960960960961,0.500187188061496,0.0965320236233411,0.0363994309788533,4421.36389559102
"676",2.11081081081081,0.499873621932622,0.0965297521605813,0.0364080793458858,4421.38540251559
"677",2.11201201201201,0.499560099256165,0.0965274783282358,0.0364167280031124,4421.40698358526
"678",2.11321321321321,0.499246619809083,0.0965252021331213,0.0364253769884386,4421.42863875795
"679",2.11441441441441,0.498933183513678,0.0965229235404389,0.0364340263634644,4421.45036799155
"680",2.11561561561562,0.498619790354246,0.0965206424941475,0.0364426761981639,4421.472171244
"681",2.11681681681682,0.498306645243536,0.0965183016502279,0.0364513585196143,4421.49404847321
"682",2.11801801801802,0.49799422200092,0.0965157644905414,0.0364601439072916,4421.51599963661
"683",2.11921921921922,0.497681084471136,0.0965134355822687,0.0364688108575125,4421.53802469015
"684",2.12042042042042,0.497368018858478,0.0965110948276793,0.0364774817017774,4421.56012359368
"685",2.12162162162162,0.497055036384492,0.0965087386246547,0.0364861577267455,4421.58229630497
"686",2.12282282282282,0.496742155061258,0.0965063612395736,0.03649484096545,4421.60454278172
"687",2.12402402402402,0.496433353097267,0.0965027692681831,0.0365040679916884,4421.6268629995
"688",2.12522522522523,0.496120377195117,0.096500426402201,0.0365127086273493,4421.64925687157
"689",2.12642642642643,0.49580744588756,0.0964980805903786,0.0365213488969724,4421.67172438408
"690",2.12762762762763,0.495494559244654,0.0964957318180188,0.0365299888123622,4421.69426549515
"691",2.12882882882883,0.495181717335919,0.0964933800702566,0.0365386283841754,4421.71688016294
"692",2.13003003003003,0.494868920231574,0.0964910253319654,0.0365472676218492,4421.73956834563
"693",2.13123123123123,0.494556168001345,0.0964886675880202,0.0365559065336685,4421.7623300014
"694",2.13243243243243,0.494243460713807,0.0964863068234741,0.0365645451268095,4421.78516508848
"695",2.13363363363363,0.493930798435473,0.0964839430236427,0.0365731834075233,4421.8080735651
"696",2.13483483483483,0.493618181231774,0.0964815761741174,0.0365818213810122,4421.83105538952
"697",2.13603603603604,0.493305609166513,0.0964792062608691,0.0365904590515329,4421.85411052002
"698",2.13723723723724,0.492993082300751,0.0964768332704309,0.0365990964225547,4421.87723891491
"699",2.13843843843844,0.492680600692037,0.0964744571899489,0.0366077334968373,4421.90044053249
"700",2.13963963963964,0.492368164396825,0.0964720780069748,0.03661637027639,4421.92371533112
"701",2.14084084084084,0.492055773466777,0.0964696957099618,0.0366250067626366,4421.94706326916
"702",2.14204204204204,0.491743427951805,0.0964673102878124,0.0366336429564252,4421.970484305
"703",2.14324324324324,0.491431127897848,0.0964649217302774,0.0366422788581219,4421.99397839704
"704",2.14444444444444,0.491118873347141,0.0964625300277591,0.0366509144676866,4422.01754550372
"705",2.14564564564565,0.490806664338619,0.0964601351714223,0.0366595497847706,4422.04118558349
"706",2.14684684684685,0.490494500907855,0.0964577371530586,0.0366681848086015,4422.06489859481
"707",2.14804804804805,0.490182383086668,0.0964553359652773,0.0366768195382481,4422.08868449618
"708",2.14924924924925,0.489870310903336,0.0964529316012618,0.0366854539724413,4422.11254324612
"709",2.15045045045045,0.489558284381852,0.096450524055065,0.0366940881098877,4422.13647480317
"710",2.15165165165165,0.489246303543193,0.0964481133212564,0.0367027219490647,4422.16047912589
"711",2.15285285285285,0.488934368404728,0.0964456993951137,0.0367113554882862,4422.18455617285
"712",2.15405405405405,0.488622478979407,0.0964432822725969,0.0367199887259276,4422.20870590266
"713",2.15525525525526,0.488310635277765,0.0964408619502195,0.0367286216601461,4422.23292827395
"714",2.15645645645646,0.487998837305138,0.0964384384252256,0.0367372542891819,4422.25722324536
"715",2.15765765765766,0.487687085064481,0.0964360116953126,0.0367458866112033,4422.28159077555
"716",2.15885885885886,0.487375378554998,0.0964335817588267,0.0367545186243089,4422.30603082323
"717",2.16006006006006,0.487063717771905,0.0964311486146873,0.0367631503267032,4422.33054334709
"718",2.16126126126126,0.486752102706733,0.0964287122623558,0.0367717817165849,4422.35512830588
"719",2.16246246246246,0.486440533348641,0.0964262727017698,0.0367804127920556,4422.37978565835
"720",2.16366366366366,0.486129009682307,0.0964238299334369,0.0367890435513195,4422.40451536327
"721",2.16486486486486,0.485817531689268,0.0964213839583899,0.0367976739926223,4422.42931737945
"722",2.16606606606607,0.485506099348008,0.0964189347781025,0.0368063041141448,4422.45419166571
"723",2.16726726726727,0.485194712633011,0.0964164823946277,0.036814933914199,4422.47913818088
"724",2.16846846846847,0.484883371516033,0.0964140268104502,0.0368235633910105,4422.50415688384
"725",2.16966966966967,0.484572075965062,0.0964115680285326,0.0368321925428828,4422.52924773346
"726",2.17087087087087,0.484260825945955,0.0964091060522379,0.0368408213680935,4422.55441068866
"727",2.17207207207207,0.48394962141936,0.0964066408856152,0.0368494498649987,4422.57964570837
"728",2.17327327327327,0.483638462345251,0.0964041725328908,0.0368580780318436,4422.60495275153
"729",2.17447447447447,0.483327348677856,0.0964017009990183,0.036866705867016,4422.63033177712
"730",2.17567567567568,0.483016280371612,0.0963992262890934,0.0368753333687152,4422.65578274413
"731",2.17687687687688,0.4827052573746,0.0963967484089625,0.0368839605353617,4422.68130561158
"732",2.17807807807808,0.48239427963446,0.0963942673647075,0.0368925873651513,4422.70690033852
"733",2.17927927927928,0.482083347094509,0.0963917831629761,0.0369012138563885,4422.73256688399
"734",2.18048048048048,0.481772459697089,0.0963892958106588,0.0369098400072061,4422.75830520707
"735",2.18168168168168,0.481461617378687,0.0963868053154033,0.0369184658159929,4422.78411526689
"736",2.18288288288288,0.481150820076143,0.0963843116849412,0.0369270912808091,4422.80999702255
"737",2.18408408408408,0.480840067723451,0.0963818149274771,0.0369357163997452,4422.8359504332
"738",2.18528528528529,0.480529360250598,0.0963793150517783,0.0369443411709305,4422.86197545801
"739",2.18648648648649,0.480218697585931,0.0963768120669118,0.0369529655924294,4422.88807205618
"740",2.18768768768769,0.479908079656094,0.0963743059823233,0.0369615896621818,4422.91424018691
"741",2.18888888888889,0.479597506385021,0.0963717968078506,0.036970213378123,4422.94047980943
"742",2.19009009009009,0.479286977694899,0.0963692845536761,0.0369788367381097,4422.96679088301
"743",2.19129129129129,0.478976493505842,0.0963667692303751,0.036987459739916,4422.99317336691
"744",2.19249249249249,0.47866605373578,0.0963642508488697,0.0369960823813046,4423.01962722044
"745",2.19369369369369,0.478355658301687,0.0963617294203785,0.037004704659927,4423.04615240292
"746",2.19489489489489,0.478045307119021,0.0963592049564252,0.0370133265733147,4423.07274887368
"747",2.1960960960961,0.477735000100699,0.0963566774689197,0.0370219481190289,4423.09941659209
"748",2.1972972972973,0.477424737159371,0.0963541469699977,0.0370305692944964,4423.12615551754
"749",2.1984984984985,0.477114518206409,0.0963516134720654,0.0370391900970466,4423.15296560942
"750",2.1996996996997,0.476804343151881,0.09634907698778,0.0370478105239421,4423.17984682717
"751",2.2009009009009,0.476494211904853,0.0963465375300981,0.037056430572411,4423.20679913024
"752",2.2021021021021,0.476184124374028,0.0963439951121464,0.0370650502395476,4423.2338224781
"753",2.2033033033033,0.475874080468009,0.0963414497471667,0.0370736695223473,4423.26091683023
"754",2.2045045045045,0.475564080092957,0.0963389014488172,0.0370822884178619,4423.28808214616
"755",2.20570570570571,0.475254123157215,0.0963363502306382,0.0370909069228842,4423.31531838542
"756",2.20690690690691,0.474944209567437,0.0963337961064881,0.0370995250342464,4423.34262550756
"757",2.20810810810811,0.474634339231182,0.0963312390902493,0.0371081427486424,4423.37000347217
"758",2.20930930930931,0.474324512055758,0.0963286791959004,0.037116760062749,4423.39745223884
"759",2.21051051051051,0.474014727948216,0.0963261164375836,0.0371253769731937,4423.4249717672
"760",2.21171171171171,0.473704986817594,0.0963235508293223,0.0371339934764059,4423.45256201688
"761",2.21291291291291,0.473395288571864,0.0963209823853073,0.0371426095689337,4423.48022294756
"762",2.21411411411411,0.473085633121165,0.096318411119615,0.0371512252471428,4423.50795451892
"763",2.21531531531532,0.472776020375923,0.0963158370463137,0.0371598405073747,4423.53575669066
"764",2.21651651651652,0.472466450247358,0.0963132601795068,0.0371684553459801,4423.56362942251
"765",2.21771771771772,0.472156922649022,0.0963106805330192,0.0371770697591471,4423.59157267423
"766",2.21891891891892,0.471847437494298,0.096308098120766,0.0371856837432278,4423.61958640559
"767",2.22012012012012,0.47153799469974,0.0963055129563782,0.0371942972943118,4423.64767057638
"768",2.22132132132132,0.471228594181934,0.096302925053432,0.0372029104086452,4423.67582514641
"769",2.22252252252252,0.470919235860489,0.0963003344252167,0.0372115230824055,4423.70405007553
"770",2.22372372372372,0.470609919657262,0.096297741084775,0.0372201353116913,4423.73234532358
"771",2.22492492492492,0.470300645493495,0.0962951450451776,0.0372287470927935,4423.76071085045
"772",2.22612612612613,0.469991413296507,0.0962925463187936,0.0372373584217634,4423.78914661604
"773",2.22732732732733,0.469682222992254,0.096289944918116,0.0372459692949199,4423.81765258027
"774",2.22852852852853,0.469373074511937,0.0962873408549968,0.037254579708408,4423.84622870308
"775",2.22972972972973,0.46906396778696,0.0962847341411552,0.0372631896585731,4423.87487494444
"776",2.23093093093093,0.468754902753176,0.0962821247878294,0.0372717991416796,4423.90359126433
"777",2.23213213213213,0.468445879348077,0.0962795128058897,0.0372804081541229,4423.93237762277
"778",2.23333333333333,0.468136897511157,0.0962768982059262,0.0372890166924168,4423.96123397978
"779",2.23453453453453,0.467827957186124,0.0962742809979351,0.037297624753074,4423.99016029541
"780",2.23573573573574,0.467519058318858,0.0962716611915196,0.0373062323327021,4424.01915652974
"781",2.23693693693694,0.467210200858058,0.0962690387958535,0.0373148394280743,4424.04822264285
"782",2.23813813813814,0.466901384755889,0.0962664138195598,0.0373234460359848,4424.07735859487
"783",2.23933933933934,0.466592609966097,0.0962637862709445,0.0373320521534628,4424.10656434592
"784",2.24054054054054,0.466283876446957,0.0962611561576026,0.0373406577775825,4424.13583985618
"785",2.24174174174174,0.465975184158943,0.0962585234867385,0.0373492629056057,4424.16518508581
"786",2.24294294294294,0.465666533065461,0.0962558882650109,0.0373578675349405,4424.19459999501
"787",2.24414414414414,0.465357923132261,0.0962532504986756,0.0373664716632001,4424.22408454402
"788",2.24534534534535,0.465049354328962,0.0962506101932983,0.0373750752881244,4424.25363869307
"789",2.24654654654655,0.464740826627881,0.0962479673539934,0.0373836784076141,4424.28326240243
"790",2.24774774774775,0.464432340003513,0.0962453219853931,0.0373922810198505,4424.31295563239
"791",2.24894894894895,0.464123894432878,0.0962426740916826,0.0374008831231815,4424.34271834324
"792",2.25015015015015,0.463815489896856,0.0962400236764267,0.0374094847161368,4424.37255049533
"793",2.25135135135135,0.463507126376962,0.0962373707428665,0.0374180857975512,4424.40245204901
"794",2.25255255255255,0.463198803858089,0.0962347152937225,0.0374266863664565,4424.43242296464
"795",2.25375375375375,0.462890522328033,0.0962320573312313,0.0374352864220331,4424.46246320262
"796",2.25495495495495,0.462582281775205,0.0962293968573459,0.0374438859638675,4424.49257272337
"797",2.25615615615616,0.462274082190557,0.0962267338736211,0.0374524849917124,4424.52275148732
"798",2.25735735735736,0.461965923567654,0.0962240683811253,0.0374610835055576,4424.55299945493
"799",2.25855855855856,0.461657805900451,0.096221400380824,0.0374696815057105,4424.58331658669
"800",2.25975975975976,0.461349729185268,0.0962187298732719,0.0374782789927228,4424.61370284308
"801",2.26096096096096,0.461041693419437,0.0962160568588092,0.0374868759674244,4424.64415818465
"802",2.26216216216216,0.460733698601086,0.096213381337654,0.0374954724309205,4424.67468257192
"803",2.26336336336336,0.460425744729892,0.0962107033097657,0.0375040683846153,4424.70527596547
"804",2.26456456456456,0.460117831804965,0.0962080227752006,0.0375126638302084,4424.73593832589
"805",2.26576576576577,0.459809959828328,0.0962053397336145,0.0375212587696057,4424.76666961378
"806",2.26696696696697,0.459502128800807,0.0962026541848873,0.0375298532050227,4424.79746978977
"807",2.26816816816817,0.459194338722858,0.0961999661289166,0.0375384471390643,4424.82833881453
"808",2.26936936936937,0.458886589596422,0.0961972755655404,0.0375470405744786,4424.85927664871
"809",2.27057057057057,0.458578881422465,0.0961945824947711,0.0375556335143758,4424.89028325302
"810",2.27177177177177,0.458271214202316,0.0961918869166877,0.0375642259620573,4424.92135858817
"811",2.27297297297297,0.457963587936509,0.096189188831539,0.0375728179211633,4424.9525026149
"812",2.27417417417417,0.457656002623955,0.0961864882399109,0.0375814093956057,4424.98371529398
"813",2.27537537537538,0.457348458265895,0.0961837851422204,0.0375900003894068,4425.01499658618
"814",2.27657657657658,0.457040954859908,0.0961810795394362,0.0375985909069687,4425.0463464523
"815",2.27777777777778,0.456733492404121,0.0961783714326106,0.0376071809528189,4425.07776485318
"816",2.27897897897898,0.456426070894557,0.0961756608230497,0.0376157705317749,4425.10925174966
"817",2.28018018018018,0.456118690328579,0.096172947712168,0.03762435964868,4425.14080710259
"818",2.28138138138138,0.455811350699425,0.0961702321017614,0.0376329483086831,4425.17243087289
"819",2.28258258258258,0.455504052002928,0.0961675139934713,0.037641536516878,4425.20412302145
"820",2.28378378378378,0.455196794229285,0.096164793389566,0.0376501242786778,4425.2358835092
"821",2.28498498498498,0.454883741658596,0.0961620988119825,0.0376591902935805,4425.26771258312
"822",2.28618618618619,0.454576717141446,0.0961593552977807,0.0376677486482001,4425.2996096124
"823",2.28738738738739,0.454269730472773,0.0961566105699155,0.0376763069473513,4425.33157486432
"824",2.28858858858859,0.453962781517771,0.0961538646303251,0.0376848652422885,4425.36360829992
"825",2.28978978978979,0.453655870154391,0.0961511174770692,0.0376934235832805,4425.39570988026
"826",2.29099099099099,0.453348996273124,0.096148369104455,0.0377019820192915,4425.42787956643
"827",2.29219219219219,0.45304215977872,0.0961456195026889,0.037710540597815,4425.46011731951
"828",2.29339339339339,0.452735360589776,0.0961428686580845,0.0377190993644596,4425.49242310063
"829",2.29459459459459,0.452428598638613,0.0961401165530798,0.0377276583628535,4425.52479687092
"830",2.2957957957958,0.452121873873476,0.0961373631660766,0.037736217634214,4425.55723859153
"831",2.296996996997,0.451815186257459,0.0961346084716099,0.0377447772171771,4425.58974822365
"832",2.2981981981982,0.451508535768363,0.0961318524405075,0.0377533371475891,4425.62232572846
"833",2.2993993993994,0.45120192240065,0.0961290950398442,0.037761897458119,4425.65497106718
"834",2.3006006006006,0.450895346162456,0.0961263362333881,0.0377704581782569,4425.68768420104
"835",2.3018018018018,0.450588807079087,0.096123575981366,0.0377790193338889,4425.72046509129
"836",2.303003003003,0.450282305189199,0.0961208142411276,0.0377875809473398,4425.75331369921
"837",2.3042042042042,0.449975840545844,0.0961180509672498,0.0377961430371308,4425.78622998607
"838",2.30540540540541,0.449669413217327,0.0961152861115755,0.0378047056178225,4425.81921391319
"839",2.30660660660661,0.449363023283498,0.0961125196239858,0.0378132687000842,4425.85226544189
"840",2.30780780780781,0.449056670838148,0.0961097514522061,0.0378218322905145,4425.88538453353
"841",2.30900900900901,0.448750355986223,0.0961069815425731,0.0378303963916921,4425.91857114946
"842",2.31021021021021,0.448444078843002,0.0961042098401642,0.0378389610022666,4425.95182525106
"843",2.31141141141141,0.448137839533383,0.0961014362892496,0.0378475261169399,4425.98514679975
"844",2.31261261261261,0.447831638190882,0.0960986608336029,0.0378560917266215,4426.01853575693
"845",2.31381381381381,0.447525474956654,0.0960958834167763,0.0378646578185554,4426.05199208406
"846",2.31501501501501,0.447219349976853,0.0960931039827145,0.0378732243765322,4426.0855157426
"847",2.31621621621622,0.446913263402534,0.096090322475902,0.0378817913811024,4426.11910669402
"848",2.31741741741742,0.446607215389287,0.0960875388415827,0.0378903588097282,4426.15276489983
"849",2.31861861861862,0.446301206091987,0.0960847530264956,0.0378989266372567,4426.18649032155
"850",2.31981981981982,0.445995235668035,0.0960819649787131,0.0379074948359716,4426.22028292072
"851",2.32102102102102,0.445689304274007,0.0960791746480051,0.0379160633760259,4426.2541426589
"852",2.32222222222222,0.445383412063309,0.0960763819863026,0.037924632225776,4426.28806949768
"853",2.32342342342342,0.445077559187247,0.0960735869475676,0.0379332013520128,4426.32206339866
"854",2.32462462462462,0.44477174579161,0.0960707894882418,0.0379417707204343,4426.35612432347
"855",2.32582582582583,0.444465972017157,0.0960679895671644,0.0379503402958187,4426.39025223375
"856",2.32702702702703,0.444160237997375,0.0960651871458693,0.0379589100424883,4426.42444709118
"857",2.32822822822823,0.443854543858641,0.0960623821883769,0.0379674799244648,4426.45870885744
"858",2.32942942942943,0.443548889718299,0.0960595746615587,0.0379760499059186,4426.49303749424
"859",2.33063063063063,0.443243275685051,0.0960567645348268,0.0379846199512797,4426.52743296332
"860",2.33183183183183,0.442937701856421,0.0960539517804414,0.0379931900256571,4426.56189522644
"861",2.33303303303303,0.442632168320027,0.0960511363731286,0.0380017600949241,4426.59642424537
"862",2.33423423423423,0.442326675153307,0.0960483182901247,0.0380103301258687,4426.63101998191
"863",2.33543543543544,0.442021222419662,0.0960454975114009,0.0380189000866258,4426.6656823979
"864",2.33663663663664,0.44171581017252,0.0960426740190836,0.0380274699465025,4426.70041145516
"865",2.33783783783784,0.441410438452851,0.0960398477975913,0.0380360396762259,4426.73520711558
"866",2.33903903903904,0.44110510728854,0.0960370188336018,0.0380446092480423,4426.77006934104
"867",2.34024024024024,0.440799816695203,0.0960341871157964,0.0380531786357184,4426.80499809344
"868",2.34144144144144,0.440494566676998,0.096031352634701,0.038061747814461,4426.83999333474
"869",2.34264264264264,0.44018935722343,0.0960285153828572,0.0380703167611738,4426.87505502689
"870",2.34384384384384,0.439884188313889,0.0960256753542707,0.0380788854541095,4426.91018313186
"871",2.34504504504504,0.439579059913097,0.0960228325448508,0.0380874538731162,4426.94537761165
"872",2.34624624624625,0.43927397197477,0.0960199869518665,0.0380960219993424,4426.98063842829
"873",2.34744744744745,0.438968924440661,0.0960171385740363,0.0381045898152471,4427.01596554383
"874",2.34864864864865,0.438663917239427,0.0960142874116303,0.0381131573045862,4427.05135892034
"875",2.34984984984985,0.438358950287674,0.0960114334662957,0.0381217244522138,4427.08681851989
"876",2.35105105105105,0.43805402349305,0.0960085767407255,0.0381302912438754,4427.12234430461
"877",2.35225225225225,0.437744008572137,0.0960048414876696,0.038138931804741,4427.1579361882
"878",2.35345345345345,0.437439265125238,0.096001870288608,0.0381474524296346,4427.19359419215
"879",2.35465465465465,0.437133895506543,0.0959987187088317,0.038155963149906,4427.22931825939
"880",2.35585585585586,0.436829867316312,0.0959958220786908,0.0381644699681857,4427.26510835902
"881",2.35705705705706,0.436525867296013,0.0959929231691182,0.0381729804162816,4427.30096445826
"882",2.35825825825826,0.436221894797866,0.0959900219439393,0.0381814945105473,4427.33688651931
"883",2.35945945945946,0.435917949330538,0.0959871183750594,0.0381900122579828,4427.37287450436
"884",2.36066066066066,0.435614030636864,0.0959842125235728,0.0381985336755954,4427.40892837565
"885",2.36186186186186,0.435310138317186,0.0959813043922198,0.0382070587701815,4427.44504809544
"886",2.36306306306306,0.435006272023749,0.0959783940121875,0.0382155875517188,4427.48123362601
"887",2.36426426426426,0.434702431391233,0.0959754813971828,0.0382241200246725,4427.51748492964
"888",2.36546546546547,0.434398616062787,0.0959725665773714,0.0382326561955263,4427.55380196867
"889",2.36666666666667,0.434094825679007,0.0959696495735364,0.0382411960666878,4427.59018470543
"890",2.36786786786787,0.433791059881787,0.0959667304090959,0.0382497396394221,4427.62663310227
"891",2.36906906906907,0.43348731831,0.0959638091120035,0.0382582869143146,4427.6631471216
"892",2.37027027027027,0.433183600610824,0.0959608857036206,0.0382668378883074,4427.6997267258
"893",2.37147147147147,0.432879906435403,0.0959579602073236,0.0382753925569334,4427.73637187731
"894",2.37267267267267,0.43257623544374,0.0959550326446826,0.0382839509133192,4427.77308253858
"895",2.37387387387387,0.432272587273972,0.0959521030481198,0.0382925129517809,4427.80985867207
"896",2.37507507507507,0.431968961586323,0.0959491714417424,0.0383010786621576,4427.84670024029
"897",2.37627627627628,0.431665358087377,0.0959462378375937,0.0383096480292999,4427.88360720573
"898",2.37747747747748,0.431361776419783,0.0959433022712126,0.0383182210422668,4427.92057953094
"899",2.37867867867868,0.43105821628536,0.0959403647615489,0.0383267976837854,4427.95761717849
"900",2.37987987987988,0.430754677380585,0.0959374253321596,0.0383353779357815,4427.99472011093
"901",2.38108108108108,0.430451159432321,0.0959344840015753,0.0383439617771395,4428.03188829089
"902",2.38228228228228,0.430147662152732,0.0959315407947814,0.0383525491861425,4428.06912168098
"903",2.38348348348348,0.429844185281885,0.0959285957325577,0.038361140138092,4428.10642024384
"904",2.38468468468468,0.429540728586774,0.09592564883301,0.0383697346057671,4428.14378394216
"905",2.38588588588589,0.429237291888344,0.0959227001061692,0.0383783325593475,4428.18121273861
"906",2.38708708708709,0.428933874926147,0.0959197495819608,0.0383869339691923,4428.21870659591
"907",2.38828828828829,0.428630477567775,0.0959167972677317,0.0383955388010979,4428.2562654768
"908",2.38948948948949,0.428327099695035,0.0959138431723547,0.0384041470197653,4428.29388934404
"909",2.39069069069069,0.428023741107284,0.0959108873233486,0.0384127585881977,4428.3315781604
"910",2.39189189189189,0.427720401380152,0.0959079297902326,0.0384213734632429,4428.36933188869
"911",2.39309309309309,0.42741551157025,0.095905243457145,0.0384299691863689,4428.40715049115
"912",2.39429429429429,0.427111192195011,0.0959024526674793,0.0384385611186483,4428.44503392351
"913",2.3954954954955,0.426807307485257,0.0958995858994879,0.0384471551237666,4428.48298215138
"914",2.3966966966967,0.426503211372695,0.0958967545417258,0.0384557378176493,4428.52099513722
"915",2.3978978978979,0.426191154491224,0.0958952407399727,0.0384640140434298,4428.55907286403
"916",2.3990990990991,0.42588766914101,0.0958922992677474,0.0384725600841201,4428.59721523528
"917",2.4003003003003,0.425584217943855,0.0958893569143484,0.0384811056969663,4428.63542225695
"918",2.4015015015015,0.425280801552259,0.095886413670664,0.0384896508998882,4428.67369389207
"919",2.4027027027027,0.424977420743232,0.0958834694988438,0.0384981957052408,4428.71203010365
"920",2.4039039039039,0.424674076411457,0.0958805243294008,0.0385067401175408,4428.75043085472
"921",2.4051051051051,0.424370769561453,0.0958775780586737,0.0385152841308508,4428.78889610833
"922",2.40630630630631,0.424067501283381,0.0958746305485473,0.038523827726477,4428.82742582752
"923",2.40750750750751,0.423764272726698,0.0958716816275604,0.0385323708707583,4428.86601997535
"924",2.40870870870871,0.423461085060818,0.0958687310945957,0.0385409135133907,4428.90467851489
"925",2.40990990990991,0.423157939431158,0.0958657787252022,0.0385494555866645,4428.94340140921
"926",2.41111111111111,0.422854836904962,0.095862824281129,0.0385579970059575,4428.98218862139
"927",2.41231231231231,0.422551778417161,0.0958598675223669,0.0385665376717332,4429.02104011452
"928",2.41351351351351,0.422248764715289,0.095856908221751,0.0385750774733709,4429.05995585172
"929",2.41471471471471,0.421945796312261,0.0958539461807352,0.0385836162948924,4429.09893579612
"930",2.41591591591592,0.421642873449159,0.0958509812455877,0.038592154022714,4429.13797991089
"931",2.41711711711712,0.421339996074861,0.0958480133217599,0.0386006905550236,4429.17708815923
"932",2.41831831831832,0.421037163848339,0.095845042384762,0.0386092258123455,4429.21626050439
"933",2.41951951951952,0.42073437615697,0.0958420684861748,0.0386177597492417,4429.25549690968
"934",2.42072072072072,0.420431632160278,0.0958390917523103,0.038626292365768,4429.29479733846
"935",2.42192192192192,0.420128930840722,0.0958361123759466,0.038634823719217,4429.33416175414
"936",2.42312312312312,0.419826271068753,0.095833130599146,0.0386433539344942,4429.37359012021
"937",2.42432432432432,0.419523651657096,0.095830146689786,0.0386518832139308,4429.41308240022
"938",2.42552552552553,0.419221071408237,0.0958271609116204,0.0386604118449067,4429.45263855776
"939",2.42672672672673,0.41891852913929,0.0958241734915721,0.0386689402051988,4429.49225855649
"940",2.42792792792793,0.418616023689405,0.0958211845864973,0.0386774687636899,4429.53194236013
"941",2.42912912912913,0.418313553903941,0.0958181942548026,0.0386859980748411,4429.57168993242
"942",2.43033033033033,0.418011118615032,0.0958152024362572,0.0386945287627794,4429.61150123713
"943",2.43153153153153,0.417708716627821,0.0958122089457276,0.0387030614926883,4429.65137623804
"944",2.43273273273273,0.417406346731438,0.0958092134846197,0.0387115969274708,4429.69131489895
"945",2.43393393393393,0.417104007748228,0.0958062156713901,0.0387201356715133,4429.73131718361
"946",2.43513513513513,0.416801698622393,0.0958032150895203,0.0387286782081448,4429.77138305573
"947",2.43633633633634,0.416499418538955,0.095800211345274,0.0387372248417124,4429.81151247898
"948",2.43753753753754,0.416197167044119,0.0957972041249529,0.0387457756575143,4429.85170541697
"949",2.43873873873874,0.415894944135617,0.0957941932394634,0.0387543305106495,4429.89196183323
"950",2.43993993993994,0.415592750298071,0.0957911786465541,0.0387628890477175,4429.93228169127
"951",2.44114114114114,0.415290586469176,0.0957881604481396,0.0387714507572687,4429.97266495457
"952",2.44234234234234,0.414988453946759,0.0957851388656658,0.0387800150371089,4430.01311158661
"953",2.44354354354354,0.414686354262041,0.0957821142020982,0.0387885812640271,4430.05362155092
"954",2.44474474474475,0.414384289045861,0.0957790868002746,0.0387971488537869,4430.09419481105
"955",2.44594594594595,0.414082259910438,0.095776057005904,0.0388057173037727,4430.1348313306
"956",2.44714714714715,0.413780268362403,0.0957730251399782,0.0388142862169849,4430.17553107327
"957",2.44834834834835,0.413478315753266,0.0957699914811736,0.0388228553092361,4430.21629400277
"958",2.44954954954955,0.413176403255473,0.0957669562582438,0.0388314244047629,4430.25712008291
"959",2.45075075075075,0.41287453186645,0.0957639196487252,0.0388399934245006,4430.29800927754
"960",2.45195195195195,0.412572702421459,0.0957608817826817,0.0388485623713072,4430.33896155055
"961",2.45315315315315,0.412270915616844,0.0957578427482624,0.0388571313148499,4430.37997686591
"962",2.45435435435435,0.411969172031899,0.0957548025982801,0.0388657003777231,4430.42105518758
"963",2.45555555555556,0.411667472153303,0.0957517613560881,0.0388742697234374,4430.46219647959
"964",2.45675675675676,0.411365816388274,0.095748719021492,0.0388828395468618,4430.503400706
"965",2.45795795795796,0.411064205080517,0.095745675574988,0.0388914100664486,4430.54466783089
"966",2.45915915915916,0.41076263851721,0.0957426309816238,0.0388999815181143,4430.58599781837
"967",2.46036036036036,0.410461116933588,0.0957395851938566,0.0389085541506526,4430.62739063258
"968",2.46156156156156,0.410159640514184,0.0957365381539319,0.0389171282218911,4430.6688462377
"969",2.46276276276276,0.409858209389519,0.0957334897958062,0.0389257039957737,4430.7103645979
"970",2.46396396396396,0.40955682363137,0.0957304400469672,0.0389342817398418,4430.75194567742
"971",2.46516516516516,0.409255483250347,0.0957273888294138,0.0389428617228137,4430.79358944049
"972",2.46636636636637,0.408954188185876,0.0957243360614399,0.0389514442126833,4430.83529585139
"973",2.46756756756757,0.408652938301803,0.0957212816587401,0.0389600294746465,4430.87706487439
"974",2.46876876876877,0.408351733380216,0.095718225535597,0.0389686177690842,4430.91889647382
"975",2.46996996996997,0.408050787264091,0.0957150686901197,0.0389761368040295,4430.96079007412
"976",2.47117117117117,0.407749599111795,0.0957120024112817,0.0389846604226981,4431.00274668139
"977",2.47237237237237,0.40744844782372,0.0957089341963678,0.038993183643179,4431.0447657557
"978",2.47357357357357,0.407147333379496,0.0957058640494056,0.0390017064651153,4431.08684726128
"979",2.47477477477478,0.406846255759224,0.0957027919746702,0.0390102288881767,4431.12899116241
"980",2.47597597597598,0.406545214942402,0.0956997179764551,0.039018750912092,4431.17119742337
"981",2.47717717717718,0.406244210907711,0.0956966420591153,0.0390272725366311,4431.21346600847
"982",2.47837837837838,0.405943243634015,0.0956935642267524,0.0390357937616112,4431.25579688202
"983",2.47957957957958,0.405642313097208,0.0956904844835111,0.0390443145871074,4431.29819000839
"984",2.48078078078078,0.405341419272768,0.0956874028332835,0.0390528350132197,4431.34064535193
"985",2.48198198198198,0.405040562135328,0.0956843192796625,0.0390613550401999,4431.38316287704
"986",2.48318318318318,0.404739741656036,0.0956812338263706,0.0390698746685219,4431.42574254812
"987",2.48438438438438,0.404438957807594,0.0956781464765682,0.0390783938986687,4431.4683843296
"988",2.48558558558559,0.404138210558307,0.0956750572337345,0.0390869127313982,4431.51108818593
"989",2.48678678678679,0.403837499876764,0.0956719661011094,0.0390954311675256,4431.55385408159
"990",2.48798798798799,0.403536825730367,0.0956688730819865,0.0391039492079328,4431.59668198106
"991",2.48918918918919,0.40323618808578,0.0956657781796831,0.0391124668535766,4431.63957184886
"992",2.49039039039039,0.40293558690959,0.0956626813976106,0.0391209841054464,4431.68252364951
"993",2.49159159159159,0.402635022167104,0.0956595827394257,0.0391295009645401,4431.72553734757
"994",2.49279279279279,0.402334493825273,0.0956564822087839,0.0391380174317862,4431.76861290761
"995",2.49399399399399,0.402034001850101,0.095653379809665,0.0391465335081247,4431.81175029422
"996",2.49519519519519,0.401734441131864,0.095650243469033,0.0391549323718738,4431.85494941428
"997",2.4963963963964,0.401434221792101,0.0956471346505499,0.0391634463834784,4431.89821034732
"998",2.4975975975976,0.401134070379773,0.0956440235590761,0.039171962857675,4431.94153300222
"999",2.4987987987988,0.4008337978292,0.0956407872372406,0.0391805142102361,4431.98491733294
"1000",2.5,0.400533831377199,0.0956378425241912,0.0391890269851827,4432.02836335657
